Ticker,OfferPrice,Size_Million,Date,FilingUrl
ABCL,20.0,483.0,2020-12-14T16:27:25-05:00,https://www.sec.gov/Archives/edgar/data/1703057/000119312520316986/d29983d424b4.htm
ABNB,68.0,3490.000108,2020-12-11T06:09:36-05:00,https://www.sec.gov/Archives/edgar/data/1559720/000119312520315318/d81668d424b4.htm
ABOS,16.0,159.999984,2021-07-02T16:09:41-04:00,https://www.sec.gov/Archives/edgar/data/1576885/000119312521207605/d104413d424b4.htm
ABSI,16.0,200.0,2021-07-23T16:49:00-04:00,https://www.sec.gov/Archives/edgar/data/1672688/000162828021014341/absci424.htm
ACDC,18.0,288.0,2022-05-13T21:51:33-04:00,https://www.sec.gov/Archives/edgar/data/1881487/000119312522150480/d897680d424b4.htm
ACI,,,,
ACLX,15.0,123.75,2022-02-07T17:12:13-05:00,https://www.sec.gov/Archives/edgar/data/1786205/000119312522029768/d129231d424b4.htm
ACON,4.35,9.41775,2022-04-25T16:28:25-04:00,https://www.sec.gov/Archives/edgar/data/1635077/000168316822002903/aclarion_424b4.htm
ACRV,12.5,94.375,2022-11-16T16:31:35-05:00,https://www.sec.gov/Archives/edgar/data/1781174/000119312522286805/d383050d424b4.htm
ACT,19.0,252.8976,2021-09-16T21:06:17-04:00,https://www.sec.gov/Archives/edgar/data/1823529/000162828021018799/enactholdingsinc424b4.htm
ACTU,8.0,22.4,2024-08-13T14:50:41-04:00,https://www.sec.gov/Archives/edgar/data/1652935/000110465924088877/tm247121-39_424b4.htm
ACXP,6.0,15.0,2021-06-28T06:02:19-04:00,https://www.sec.gov/Archives/edgar/data/1736243/000110465921085915/tm2111636-10_424b4.htm
ADCT,19.0,232.666989,2020-05-18T08:52:47-04:00,https://www.sec.gov/Archives/edgar/data/1771910/000114036120011823/nt10009045x12_424b4.htm
ADPT,22.0,107.8,2014-06-25T17:17:29-04:00,https://www.sec.gov/Archives/edgar/data/1602367/000104746914005870/a2220618z424b4.htm
AESI,18.0,324.0,2023-03-10T06:06:23-05:00,https://www.sec.gov/Archives/edgar/data/1910950/000119312523066641/d292890d424b4.htm
AFYA,,,,
AHR,12.0,672.0,2024-02-08T17:27:29-05:00,https://www.sec.gov/Archives/edgar/data/1632970/000119312524028519/d354035d424b4.htm
AI,42.0,651.0,2020-12-09T16:42:07-05:00,https://www.sec.gov/Archives/edgar/data/1577526/000162828020017290/c3ai424.htm
AIP,14.0,70.0,2021-10-28T16:02:03-04:00,https://www.sec.gov/Archives/edgar/data/1667011/000119312521311263/d52087d424b4.htm
AIRS,11.0,77.0,2021-10-29T15:27:11-04:00,https://www.sec.gov/Archives/edgar/data/1870940/000110465921131735/tm2121217-21_424b3.htm
AIXI,6.8,38.76,2023-03-13T06:17:10-04:00,https://www.sec.gov/Archives/edgar/data/1935172/000121390023019350/f424b40323_xiaoicorp.htm
AKA,11.0,110.0,2021-09-23T16:16:43-04:00,https://www.sec.gov/Archives/edgar/data/1865107/000119312521280693/d191500d424b4.htm
ALAB,,,2024-03-21T16:24:47-04:00,https://www.sec.gov/Archives/edgar/data/1736297/000119312524073873/d285484d424b4.htm
ALDF,10.0,200.0,2024-10-23T10:50:16-04:00,https://www.sec.gov/Archives/edgar/data/2031561/000110465924110770/tm2426712-1_424b4.htm
ALEC,19.0,175.75,2019-02-07T13:52:39-05:00,https://www.sec.gov/Archives/edgar/data/1653087/000119312519030566/d550248d424b4.htm
ALF,10.0,250.0,2024-06-11T17:15:35-04:00,https://www.sec.gov/Archives/edgar/data/2010930/000121390024051796/ea0201265-06.htm
ALGM,14.0,350.0,2020-10-30T16:38:23-04:00,https://www.sec.gov/Archives/edgar/data/866291/000119312520282664/d38154d424b4.htm
ALGS,15.0,150.0,2020-10-19T17:21:18-04:00,https://www.sec.gov/Archives/edgar/data/1799448/000119312520272151/d31402d424b4.htm
ALMS,16.0,210.0,2024-06-28T16:57:13-04:00,https://www.sec.gov/Archives/edgar/data/1847367/000110465924076337/tm2411163-14_424b4.htm
ALRS,21.0,60.06,2019-09-13T14:33:35-04:00,https://www.sec.gov/Archives/edgar/data/903419/000104746919005221/a2239683z424b4.htm
ALXO,19.0,161.5,2020-07-17T16:27:57-04:00,https://www.sec.gov/Archives/edgar/data/1810182/000119312520194755/d913838d424b4.htm
AMLX,19.0,190.0,2022-01-10T16:02:28-05:00,https://www.sec.gov/Archives/edgar/data/1658551/000119312522005621/d155225d424b4.htm
AMPL,,,2021-09-28T06:16:15-04:00,https://www.sec.gov/Archives/edgar/data/1866692/000119312521284799/d143868d424b4.htm
AMST,5.0,15.0,2020-09-25T21:28:08-04:00,https://www.sec.gov/Archives/edgar/data/1807166/000121390020028533/ea127376-424b4_amesiteinc.htm
AMTD,12.6,542.9508588,2003-11-14T16:04:50-05:00,https://www.sec.gov/Archives/edgar/data/1173431/000095013703005984/c80472b4e424b4.htm
AMWL,18.0,741.999996,2020-09-18T16:14:25-04:00,https://www.sec.gov/Archives/edgar/data/1393584/000119312520249114/d943395d424b4.htm
AMZE,,,,
ANL,23.0,57.5,2023-09-29T16:01:43-04:00,https://www.sec.gov/Archives/edgar/data/1944552/000110465923105297/tm2225088-43_424b4.htm
ANNX,17.0,250.75,2020-07-24T17:15:30-04:00,https://www.sec.gov/Archives/edgar/data/1528115/000119312520198635/d773514d424b4.htm
ANRO,,,,
ANTX,15.0,69.0,2022-03-25T21:30:44-04:00,https://www.sec.gov/Archives/edgar/data/1880438/000119312522085459/d211954d424b4.htm
ANVS,6.0,12.0,2020-01-30T06:07:41-05:00,https://www.sec.gov/Archives/edgar/data/1477845/000104746920000594/a2240622z424b4.htm
APGE,17.0,300.05,2023-07-17T16:08:26-04:00,https://www.sec.gov/Archives/edgar/data/1974640/000110465923081627/tm2313083-15_424b4.htm
API,20.0,350.0,2020-06-26T16:16:27-04:00,https://www.sec.gov/Archives/edgar/data/1802883/000162828020009978/agora424b4.htm
APRE,15.0,85.000005,2019-10-03T20:41:06-04:00,https://www.sec.gov/Archives/edgar/data/1781983/000104746919005587/a2239817z424b4.htm
ARBB,4.0,5.0,2023-04-06T15:35:29-04:00,https://www.sec.gov/Archives/edgar/data/1930179/000121390023027935/ea176538-424b4_arbiot.htm
ARBK,15.0,112.5,2021-09-23T08:53:27-04:00,https://www.sec.gov/Archives/edgar/data/1841675/000110465921118579/tm2115473-31_424b4.htm
ARDT,16.0,192.0,2024-07-18T17:18:41-04:00,https://www.sec.gov/Archives/edgar/data/1756655/000119312524181092/d754933d424b4.htm
AREC,4.0,4.0,2019-02-15T16:19:40-05:00,https://www.sec.gov/Archives/edgar/data/1590715/000165495419001663/arec_s1.htm
ARHS,13.0,167.741938,2021-11-05T06:08:02-04:00,https://www.sec.gov/Archives/edgar/data/1875444/000119312521320815/d183044d424b4.htm
ARM,51.0,4870.5,2023-09-14T16:14:43-04:00,https://www.sec.gov/Archives/edgar/data/1973239/000119312523235320/d550931d424b4.htm
ARQT,17.0,159.375,2020-01-31T17:25:21-05:00,https://www.sec.gov/Archives/edgar/data/1787306/000119312520021681/d784371d424b4.htm
ARRY,10.0,30.0,2002-02-13T00:00:00-05:00,https://www.sec.gov/Archives/edgar/data/1100412/000103570402000094/d93460b4e424b4.htm
ARTV,12.0,167.04,2024-07-19T18:58:15-04:00,https://www.sec.gov/Archives/edgar/data/1817241/000119312524181773/d808948d424b4.htm
AS,13.0,1365.0,2024-02-02T16:22:09-05:00,https://www.sec.gov/Archives/edgar/data/1988894/000110465924010053/tm2322981-18_424b4.htm
ASAN,,,2020-09-30T06:04:19-04:00,https://www.sec.gov/Archives/edgar/data/1477720/000119312520258487/d855753d424b4.htm
ASO,13.0,203.125,2020-10-02T16:41:19-04:00,https://www.sec.gov/Archives/edgar/data/1817358/000119312520262578/d934024d424b4.htm
ASPI,4.0,5.0,2022-11-14T06:14:50-05:00,https://www.sec.gov/Archives/edgar/data/1921865/000121390022071474/f424b41122_aspisotopesinc.htm
ASST,5.0,7.5,2023-02-06T07:32:33-05:00,https://www.sec.gov/Archives/edgar/data/1920406/000121390023008250/ea172764-424b4_assetentities.htm
ATAT,11.0,52.25,2022-11-14T06:27:42-05:00,https://www.sec.gov/Archives/edgar/data/1853717/000110465922117548/tm2111252-33_424b4.htm
ATGL,4.0,7.0,2023-11-01T14:54:25-04:00,https://www.sec.gov/Archives/edgar/data/1967621/000121390023082098/f424b41023_alphatech.htm
ATLN,,,,
ATMU,19.5,275.4259755,2023-05-26T16:15:18-04:00,https://www.sec.gov/Archives/edgar/data/1921963/000110465923065464/tm2211801-25_424b4.htm
AUNA,,,,
AURA,14.0,75.6,2021-11-01T09:18:02-04:00,https://www.sec.gov/Archives/edgar/data/1501796/000119312521314667/d209588d424b4.htm
AUST,4.0,13.06,2022-05-05T06:03:47-04:00,https://www.sec.gov/Archives/edgar/data/1817740/000110465922056035/tm2214523d1_424b4.htm
AVBP,18.0,174.999996,2024-01-26T16:12:43-05:00,https://www.sec.gov/Archives/edgar/data/1868279/000110465924007261/tm2321853-23_424b4.htm
AVIR,24.0,300.0,2020-10-30T16:33:24-04:00,https://www.sec.gov/Archives/edgar/data/1593899/000119312520282645/d913778d424b4.htm
AVO,,,2020-10-02T17:06:25-04:00,https://www.sec.gov/Archives/edgar/data/1802974/000119312520262621/d829132d424b4.htm
AVR,43.0,389.51335,2006-06-29T20:25:39-04:00,https://www.sec.gov/Archives/edgar/data/1285043/000104746906009109/a2171605z424b4.htm
AVTR,14.0,2898.0,2019-05-20T06:11:35-04:00,https://www.sec.gov/Archives/edgar/data/1722482/000119312519150954/d698870d424b4.htm
AVX,,,,
AXG,10.0,200.0,2008-01-25T16:57:11-05:00,https://www.sec.gov/Archives/edgar/data/1413609/000095015308000120/p74388b4e424b4.htm
AZI,4.0,10.0,2024-08-28T06:58:16-04:00,https://www.sec.gov/Archives/edgar/data/1959726/000119312524208231/d435953d424b4.htm
AZTR,5.0,7.5,2023-06-21T16:01:49-04:00,https://www.sec.gov/Archives/edgar/data/1701478/000149315223021994/form424b4.htm
BACQ,10.0,250.0,2024-11-01T07:30:59-04:00,https://www.sec.gov/Archives/edgar/data/2028707/000121390024093200/ea0209024-08.htm
BANL,4.0,13.3,2023-03-23T15:24:47-04:00,https://www.sec.gov/Archives/edgar/data/1914805/000149315223008680/form424b4.htm
BAYA,10.0,60.0,2023-12-18T22:00:05-05:00,https://www.sec.gov/Archives/edgar/data/1969475/000149315223045337/form424b4.htm
BBIO,17.0,348.5,2019-06-28T16:33:00-04:00,https://www.sec.gov/Archives/edgar/data/1743881/000119312519186080/d613995d424b4.htm
BCAB,18.0,189.0,2020-12-16T21:35:31-05:00,https://www.sec.gov/Archives/edgar/data/1826892/000119312520319329/d258427d424b4.htm
BCAX,18.0,315.0,2024-09-13T16:14:21-04:00,https://www.sec.gov/Archives/edgar/data/2023658/000119312524218862/d821336d424b4.htm
BCYC,14.0,60.666662,2019-05-23T16:34:39-04:00,https://www.sec.gov/Archives/edgar/data/1761612/000104746919003291/a2238889z424b4.htm
BDSX,18.0,72.0,2020-10-29T16:06:42-04:00,https://www.sec.gov/Archives/edgar/data/1439725/000119312520281042/d937421d424b4.htm
BDTX,19.0,201.140004,2020-01-30T16:43:45-05:00,https://www.sec.gov/Archives/edgar/data/1701541/000119312520019694/d758790d424b4.htm
BEAG,10.0,250.0,2024-10-24T16:52:09-04:00,https://www.sec.gov/Archives/edgar/data/1852207/000121390024090424/ea0208608-13.htm
BEAM,17.0,180.000012,2020-02-06T17:46:23-05:00,https://www.sec.gov/Archives/edgar/data/1745999/000119312520026941/d221975d424b4.htm
BEAT,18.0,81.0,2008-03-19T11:01:27-04:00,https://www.sec.gov/Archives/edgar/data/1113784/000104746908003061/a2183962z424b4.htm
BEKE,20.0,2120.0,2020-08-13T09:07:46-04:00,https://www.sec.gov/Archives/edgar/data/1809587/000104746920004582/a2242260z424b4.htm
BFRI,5.0,18.0,2021-11-01T16:59:01-04:00,https://www.sec.gov/Archives/edgar/data/1858685/000149315221026892/form424b4.htm
BIAF,6.125,7.855925,2022-09-02T15:25:14-04:00,https://www.sec.gov/Archives/edgar/data/1712762/000149315222024949/form424b4.htm
BILL,22.0,216.117638,2019-12-12T06:23:20-05:00,https://www.sec.gov/Archives/edgar/data/1786352/000119312519312012/d710902d424b4.htm
BIOA,10.0,80.0,2013-05-10T16:56:33-04:00,https://www.sec.gov/Archives/edgar/data/1534287/000119312513214458/d442100d424b4.htm
BIRD,15.0,302.884605,2021-11-03T19:02:16-04:00,https://www.sec.gov/Archives/edgar/data/1653909/000162828021021575/allbirds424b4.htm
BIRK,46.0,1483.870944,2023-10-12T09:15:47-04:00,https://www.sec.gov/Archives/edgar/data/1977102/000119312523254724/d507917d424b4.htm
BJDX,10.0,21.6,2021-11-12T09:15:51-05:00,https://www.sec.gov/Archives/edgar/data/1704287/000121390021058458/f424b41121_bluejay.htm
BKHA,10.0,69.0,2024-03-22T06:21:10-04:00,https://www.sec.gov/Archives/edgar/data/2000775/000182912624001784/blackhawk_424b4.htm
BKV,18.0,270.0,2024-09-27T06:12:18-04:00,https://www.sec.gov/Archives/edgar/data/1838406/000110465924103216/tm2217921-58_424b4.htm
BLCO,18.0,630.0,2022-05-05T21:50:19-04:00,https://www.sec.gov/Archives/edgar/data/1860742/000119312522142702/d178785d424b4.htm
BLND,,,2021-07-16T09:08:29-04:00,https://www.sec.gov/Archives/edgar/data/1855747/000119312521217010/d162671d424b4.htm
BLTE,6.0,36.0,2022-04-29T14:47:18-04:00,https://www.sec.gov/Archives/edgar/data/1889109/000110465922053424/tm2132809-26_424b4.htm
BLZE,16.0,100.0,2021-11-12T06:31:20-05:00,https://www.sec.gov/Archives/edgar/data/1462056/000119312521327209/d62601d424b4.htm
BMR,15.0,0.405,2004-08-06T07:08:10-04:00,https://www.sec.gov/Archives/edgar/data/1289236/000093639204000813/a98479b4e424b4.htm
BNKK,,,,
BNL,17.0,569.5,2020-09-17T17:00:30-04:00,https://www.sec.gov/Archives/edgar/data/1424182/000119312520248132/d863791d424b4.htm
BNR,16.5,222.75,2020-06-12T09:04:58-04:00,https://www.sec.gov/Archives/edgar/data/1792267/000119312520167229/d806768d424b4.htm
BNRG,4.5,3.99994,2024-01-24T16:27:13-05:00,https://www.sec.gov/Archives/edgar/data/1901215/000121390024006113/ea192118-424b4_brenmiller.htm
BNTX,15.0,150.0,2019-10-11T16:08:37-04:00,https://www.sec.gov/Archives/edgar/data/1776985/000119312519266733/d635330d424b4.htm
BOF,6.0,7.14,2023-06-21T12:25:56-04:00,https://www.sec.gov/Archives/edgar/data/1962481/000149315223021931/form424b4.htm
BOLD,15.0,75.0,2016-07-20T16:57:06-04:00,https://www.sec.gov/Archives/edgar/data/1628738/000119312516652387/d892618d424b4.htm
BON,5.0,11.0,2021-06-25T15:55:20-04:00,https://www.sec.gov/Archives/edgar/data/1816815/000149315221015276/form424b4.htm
BORR,9.3,46.5,2019-08-01T14:39:20-04:00,https://www.sec.gov/Archives/edgar/data/1715497/000114036119013983/nt10000709x16_424b4.htm
BOW,17.0,128.000004,2024-05-24T16:40:32-04:00,https://www.sec.gov/Archives/edgar/data/2002473/000162828024025249/bowheadspecialtyholdingsin.htm
BQ,,,2025-08-05T17:21:15-04:00,https://www.sec.gov/Archives/edgar/data/1815021/000121390025072183/ea0251890-424b4_boqiihold.htm
BRBR,14.0,479.999996,2019-10-17T16:06:30-04:00,https://www.sec.gov/Archives/edgar/data/1772016/000119312519269310/d727525d424b4.htm
BRIA,4.0,10.0,2024-11-27T13:57:46-05:00,https://www.sec.gov/Archives/edgar/data/2000230/000121390024103340/ea0200081-19.htm
BRLT,12.0,99.999996,2021-09-24T16:06:47-04:00,https://www.sec.gov/Archives/edgar/data/1866757/000119312521282214/d64351d424b4.htm
BROS,23.0,484.210536,2021-09-16T17:03:19-04:00,https://www.sec.gov/Archives/edgar/data/1866581/000162828021018784/dutchbros424b4.htm
BRZE,65.0,520.0,2021-11-18T17:08:30-05:00,https://www.sec.gov/Archives/edgar/data/1676238/000119312521333968/d40379d424b4.htm
BSY,22.0,236.5,2020-09-24T08:05:38-04:00,https://www.sec.gov/Archives/edgar/data/1031308/000110465920108119/tm1922834-15_424b4.htm
BTBD,5.0,12.0,2021-11-16T13:07:09-05:00,https://www.sec.gov/Archives/edgar/data/1718224/000147793221008436/btbd_424b4.htm
BTOC,5.0,8.0,2024-05-15T08:48:07-04:00,https://www.sec.gov/Archives/edgar/data/1972529/000121390024043224/ea0200161-07.htm
BTOG,5.0,15.0,2018-10-02T14:56:57-04:00,https://www.sec.gov/Archives/edgar/data/1735556/000114420418052014/tv503923_424b4.htm
BTSG,13.0,693.333342,2024-01-26T17:09:15-05:00,https://www.sec.gov/Archives/edgar/data/1865782/000119312524016841/d631699d424b4.htm
BWAY,11.0,27.5,2019-04-17T16:12:53-04:00,https://www.sec.gov/Archives/edgar/data/1505065/000104746919002315/a2238484z424b4.htm
BWIN,,,,
BYAH,0.112,2.45,2026-01-28T08:58:45-05:00,https://www.sec.gov/Archives/edgar/data/1986247/000121390026008571/ea0256184-05.htm
BYND,25.0,240.625,2019-05-02T20:34:56-04:00,https://www.sec.gov/Archives/edgar/data/1655210/000162828019005740/beyondmeat424b4.htm
CABA,11.0,74.8,2019-10-25T16:36:54-04:00,https://www.sec.gov/Archives/edgar/data/1759138/000119312519274807/d686907d424b4.htm
CADL,8.0,72.0,2021-07-28T16:02:28-04:00,https://www.sec.gov/Archives/edgar/data/1841387/000119312521227369/d120909d424b4.htm
CAMP,11.0,75.02,2024-10-11T16:33:34-04:00,https://www.sec.gov/Archives/edgar/data/1736730/000110465924108067/tm2415452-18_424b4.htm
CAN,9.0,90.0,2019-11-21T12:18:47-05:00,https://www.sec.gov/Archives/edgar/data/1780652/000119312519297270/d773846d424b4.htm
CAPN,10.0,60.0,2024-09-20T06:02:33-04:00,https://www.sec.gov/Archives/edgar/data/2024203/000149315224037228/form424b4.htm
CART,8.0,18.48,2018-04-19T17:21:54-04:00,https://www.sec.gov/Archives/edgar/data/1676667/000114036118019078/s002177x8_424b4.htm
CAVA,22.0,317.777768,2023-06-16T16:16:59-04:00,https://www.sec.gov/Archives/edgar/data/1639438/000162828023022472/cava-424b4x61623.htm
CBLL,17.0,180.30302,2024-10-11T16:08:42-04:00,https://www.sec.gov/Archives/edgar/data/1861107/000095017024114320/ceribell_424b4.htm
CBNA,22.0,40.7,2024-10-07T07:19:14-04:00,https://www.sec.gov/Archives/edgar/data/1392272/000119312524233337/d807354d424b4.htm
CCCC,19.0,182.4,2020-10-02T17:10:25-04:00,https://www.sec.gov/Archives/edgar/data/1662579/000119312520262629/d772024d424b4.htm
CCIX,10.0,250.0,2024-05-03T15:41:12-04:00,https://www.sec.gov/Archives/edgar/data/2006291/000119312524130638/d681110d424b4.htm
CCTG,4.0,5.5,2024-01-19T16:51:34-05:00,https://www.sec.gov/Archives/edgar/data/1931717/000121390024004911/f424b40124_ccsctech.htm
CDRE,13.0,78.0,2021-11-05T16:16:30-04:00,https://www.sec.gov/Archives/edgar/data/1860543/000110465921135037/tm2115376-33_424b4.htm
CDTG,,,,
CERT,23.0,668.265,2020-12-14T17:26:35-05:00,https://www.sec.gov/Archives/edgar/data/1827090/000110465920135336/tm2030105-16_424b4.htm
CFLT,,,2021-06-25T06:06:33-04:00,https://www.sec.gov/Archives/edgar/data/1699838/000119312521199382/d63025d424b4.htm
CGON,19.0,380.0,2024-01-25T17:12:22-05:00,https://www.sec.gov/Archives/edgar/data/1991792/000119312524015534/d551455d424b4.htm
CGTL,4.0,5.0,2024-11-26T06:33:42-05:00,https://www.sec.gov/Archives/edgar/data/1967822/000121390024102407/ea0200927-13.htm
CGTX,12.0,45.217392,2021-10-12T16:11:00-04:00,https://www.sec.gov/Archives/edgar/data/1455365/000110465921125316/tm2113659-23_424b4.htm
CHAR,,,2024-10-24T10:30:37-04:00,https://www.sec.gov/Archives/edgar/data/2024459/000121390024090209/ea0208496-08.htm
CHSN,4.0,13.56,2023-03-31T16:40:37-04:00,https://www.sec.gov/Archives/edgar/data/1825349/000121390023025544/ea176212-424b4_chansoninter.htm
CHWY,22.0,1023.0,2019-06-17T08:03:45-04:00,https://www.sec.gov/Archives/edgar/data/1766502/000119312519174261/d665122d424b4.htm
CING,6.0,24.999996,2021-12-09T16:15:33-05:00,https://www.sec.gov/Archives/edgar/data/1862150/000149315221030966/form424b4.htm
CINT,,,,
CLIK,0.6,8.28,2025-04-02T11:51:10-04:00,https://www.sec.gov/Archives/edgar/data/2020027/000121390025027705/ea0233706-05.htm
CLYM,,,,
CMPS,17.0,127.5,2020-09-21T16:02:08-04:00,https://www.sec.gov/Archives/edgar/data/1816590/000162828020013779/compass424b4.htm
CMRC,,,,
CMTG,18.65,103.040019,2021-11-04T16:32:40-04:00,https://www.sec.gov/Archives/edgar/data/1666291/000119312521320220/d25803d424b4.htm
CNM,20.0,697.67442,2021-07-26T16:27:37-04:00,https://www.sec.gov/Archives/edgar/data/1856525/000119312521224347/d94226d424b4.htm
CNSP,4.0,0.85,2019-11-08T16:25:45-05:00,https://www.sec.gov/Archives/edgar/data/1729427/000168316819003503/cns_424b4.htm
CNTN,,,,
CNTX,5.0,25.0,2021-10-20T17:05:39-04:00,https://www.sec.gov/Archives/edgar/data/1842952/000119312521303138/d46596d424b4.htm
COCO,15.0,172.5,2021-10-22T17:12:24-04:00,https://www.sec.gov/Archives/edgar/data/1482981/000119312521305555/d197386d424b4.htm
CON,23.5,528.75,2024-07-26T06:04:01-04:00,https://www.sec.gov/Archives/edgar/data/2014596/000110465924082804/tm248173-17_424b4.htm
COOK,18.0,423.529398,2021-07-30T17:23:03-04:00,https://www.sec.gov/Archives/edgar/data/1857853/000119312521231685/d128215d424b4.htm
COYA,5.0,15.25,2022-12-30T16:17:37-05:00,https://www.sec.gov/Archives/edgar/data/1835022/000156459022040078/coya-424b4.htm
CPOP,6.0,37.2,2021-07-01T16:54:31-04:00,https://www.sec.gov/Archives/edgar/data/1807389/000121390021035312/ea143640-424b4_popculture.htm
CRBG,21.0,1680.0,2022-09-15T17:43:29-04:00,https://www.sec.gov/Archives/edgar/data/1889539/000114036122033508/ny20001795x22_424b4.htm
CRBU,16.0,304.0,2021-07-23T16:24:02-04:00,https://www.sec.gov/Archives/edgar/data/1619856/000119312521223038/d145328d424b4.htm
CRDO,10.0,200.0,2022-01-27T16:04:20-05:00,https://www.sec.gov/Archives/edgar/data/1807794/000162828022001369/credotechnologygroup424b4.htm
CRSR,17.0,238.0,2020-09-24T06:32:31-04:00,https://www.sec.gov/Archives/edgar/data/1743759/000119312520252781/d507744d424b4.htm
CRWD,34.0,612.0,2019-06-13T06:03:28-04:00,https://www.sec.gov/Archives/edgar/data/1535527/000104746919003607/a2239024z424b4.htm
CSTL,16.0,64.0,2019-07-25T21:58:57-04:00,https://www.sec.gov/Archives/edgar/data/1447362/000114036119013449/nt10000802x12_424b4.htm
CTKB,17.0,247.598795,2021-07-23T16:12:21-04:00,https://www.sec.gov/Archives/edgar/data/1831915/000119312521223016/d80783d424b4.htm
CTNM,16.0,110.0,2024-04-05T19:08:14-04:00,https://www.sec.gov/Archives/edgar/data/1855175/000119312524088740/d578485d424b4.htm
CTNT,4.0,5.0,2023-08-02T06:02:46-04:00,https://www.sec.gov/Archives/edgar/data/1951667/000110465923086534/tm2322581-1_424b4.htm
CTRI,21.0,260.4,2024-04-18T16:31:20-04:00,https://www.sec.gov/Archives/edgar/data/1981599/000119312524100835/d507887d424b4.htm
CUB,45.75,105.91125,2013-05-16T17:10:05-04:00,https://www.sec.gov/Archives/edgar/data/26076/000104746913006239/a2215310z424b4.htm
CURV,21.0,231.0,2021-07-02T16:31:41-04:00,https://www.sec.gov/Archives/edgar/data/1792781/000119312521207670/d895088d424b4.htm
CVKD,5.0,7.0,2023-01-23T16:04:10-05:00,https://www.sec.gov/Archives/edgar/data/1937993/000121390023004433/f424b40123_cadrenalprospa.htm
CVRX,18.0,126.0,2021-07-01T16:07:20-04:00,https://www.sec.gov/Archives/edgar/data/1235912/000110465921088225/tm2112357-11_424b4.htm
CWAN,,,2021-09-27T16:59:30-04:00,https://www.sec.gov/Archives/edgar/data/1866368/000119312521284265/d179113d424b4.htm
CWD,4.0,4.8,2023-05-17T14:55:10-04:00,https://www.sec.gov/Archives/edgar/data/1627282/000110465923061784/tm2316045d1_424b4.htm
CXM,16.0,266.0,2021-06-23T19:37:04-04:00,https://www.sec.gov/Archives/edgar/data/1569345/000119312521197574/d58050d424b4.htm
CYN,7.5,26.25,2021-10-21T17:18:47-04:00,https://www.sec.gov/Archives/edgar/data/1874097/000121390021054044/f424b41021_cyngn.htm
DAO,17.0,95.2,2019-10-25T13:37:12-04:00,https://www.sec.gov/Archives/edgar/data/1781753/000119312519274545/d771710d424b4.htm
DASH,102.0,3366.0,2020-12-09T16:50:26-05:00,https://www.sec.gov/Archives/edgar/data/1792789/000119312520313884/d752207d424b4.htm
DCBO,,,,
DDC,8.5,33.15,2023-11-20T17:17:04-05:00,https://www.sec.gov/Archives/edgar/data/1808110/000121390023088829/f424b41123_ddc.htm
DDI,18.0,113.688,2021-09-01T06:43:27-04:00,https://www.sec.gov/Archives/edgar/data/1799567/000095012321011997/d185501d424b4.htm
DDL,23.5,95.692,2021-06-30T16:02:52-04:00,https://www.sec.gov/Archives/edgar/data/1854545/000119312521204687/d121652d424b4.htm
DDOG,,,2019-09-19T16:32:25-04:00,https://www.sec.gov/Archives/edgar/data/1561550/000119312519249577/d745413d424b4.htm
DERM,16.0,125.0,2014-10-03T12:05:07-04:00,https://www.sec.gov/Archives/edgar/data/1557883/000104746914008066/a2221679z424b4.htm
DH,27.0,419.999991,2021-09-16T17:27:57-04:00,https://www.sec.gov/Archives/edgar/data/1861795/000119312521275280/d127783d424b4.htm
DMRA,,,,
DNUT,17.0,500.000005,2021-07-02T15:50:41-04:00,https://www.sec.gov/Archives/edgar/data/1857154/000119312521207538/d107564d424b4.htm
DOCS,26.0,605.8,2021-06-25T16:12:13-04:00,https://www.sec.gov/Archives/edgar/data/1516513/000162828021012935/doximity-424b4.htm
DOLE,12.5,446.4375,2009-10-26T14:02:00-04:00,https://www.sec.gov/Archives/edgar/data/18169/000095012309053074/v53746b4e424b4.htm
DOYU,11.5,774.951765,2019-07-18T14:43:29-04:00,https://www.sec.gov/Archives/edgar/data/1762417/000104746919004260/a2239266z424b4.htm
DRCT,34.25,113.505014,2004-03-24T17:23:51-05:00,https://www.sec.gov/Archives/edgar/data/1023031/000095014404002976/g87449b4e424b4.htm
DRMA,7.0,17.999996,2021-08-16T16:54:00-04:00,https://www.sec.gov/Archives/edgar/data/1853816/000119312521247886/d137089d424b4.htm
DT,16.0,569.753792,2019-08-01T16:36:13-04:00,https://www.sec.gov/Archives/edgar/data/1773383/000119312519210943/d668054d424b4.htm
DTIL,16.0,126.4,2019-03-28T17:29:16-04:00,https://www.sec.gov/Archives/edgar/data/1357874/000119312519090666/d717633d424b4.htm
DTSQ,10.0,60.0,2024-07-26T08:56:04-04:00,https://www.sec.gov/Archives/edgar/data/2017950/000149315224029165/form424b4.htm
DUO,13.0,78.0,2019-11-01T16:07:59-04:00,https://www.sec.gov/Archives/edgar/data/1750593/000119312519281942/d731171d424b4.htm
DUOL,102.0,520.823526,2021-07-28T16:58:44-04:00,https://www.sec.gov/Archives/edgar/data/1562088/000162828021014753/duolingo424b4.htm
DYN,19.0,232.779982,2020-09-17T17:29:16-04:00,https://www.sec.gov/Archives/edgar/data/1818794/000119312520248167/d920854d424b4.htm
EBC,,,,
EBON,5.23,100.752483,2020-06-26T16:03:37-04:00,https://www.sec.gov/Archives/edgar/data/1799290/000121390020015951/ea123412-424b4_ebanginter.htm
EDBL,5.0,14.65,2022-05-06T16:52:34-04:00,https://www.sec.gov/Archives/edgar/data/1809750/000147793222003070/edbl_424b4.htm
EDTK,5.0,15.0,2020-07-22T16:45:10-04:00,https://www.sec.gov/Archives/edgar/data/1782309/000110465920085663/tm2025296d1_424b4.htm
EE,24.0,384.0,2022-04-14T16:09:19-04:00,https://www.sec.gov/Archives/edgar/data/1888447/000114036122014573/ny20000051x19_424b4.htm
EH,12.5,40.0,2019-12-12T15:01:06-05:00,https://www.sec.gov/Archives/edgar/data/1759783/000119312519312625/d515413d424b4.htm
EHGO,4.0,5.0,2024-07-03T09:34:50-04:00,https://www.sec.gov/Archives/edgar/data/1879754/000110465924077612/tm2233006d30_424b4.htm
EIC,,,,
ELAB,4.0,6.0,2023-11-22T12:10:55-05:00,https://www.sec.gov/Archives/edgar/data/1840563/000121390023089461/ea188720-424b4_elevailabs.htm
ELUT,17.0,49.999992,2020-10-08T17:10:18-04:00,https://www.sec.gov/Archives/edgar/data/1708527/000110465920113469/tm2023171-13_424b4.htm
ELVN,16.0,75.2,2020-03-12T16:03:17-04:00,https://www.sec.gov/Archives/edgar/data/1672619/000119312520071536/d842128d424b4.htm
EMPD,,,,
ERAS,16.0,300.0,2021-07-16T17:03:40-04:00,https://www.sec.gov/Archives/edgar/data/1761918/000119312521217534/d176019d424b4.htm
ESHA,10.0,100.0,2023-06-15T16:15:51-04:00,https://www.sec.gov/Archives/edgar/data/1918661/000121390023049260/f424b40623_eshacq.htm
ETHM,,,,
EURK,,,,
EVCM,17.0,325.000016,2021-07-02T20:52:29-04:00,https://www.sec.gov/Archives/edgar/data/1853145/000114036121023401/nt10022251x14_424b4.htm
EWCZ,17.0,180.2,2021-08-06T16:16:25-04:00,https://www.sec.gov/Archives/edgar/data/1856236/000110465921101459/tm2114247-17_424b4.htm
EXFY,27.0,262.730952,2021-11-12T06:10:38-05:00,https://www.sec.gov/Archives/edgar/data/1476840/000162828021022947/expensify424b4.htm
FA,15.0,382.5,2021-06-24T16:34:29-04:00,https://www.sec.gov/Archives/edgar/data/1210677/000119312521198716/d147929d424b4.htm
FBLG,,,2024-01-30T21:45:28-05:00,https://www.sec.gov/Archives/edgar/data/1958777/000149315224004389/form424b4.htm
FDMT,23.0,193.2,2020-12-11T21:46:25-05:00,https://www.sec.gov/Archives/edgar/data/1650648/000119312520316117/d69563d424b4.htm
FEBO,,,,
FGI,6.0,15.0,2022-01-26T16:05:44-05:00,https://www.sec.gov/Archives/edgar/data/1864943/000110465922007824/tm2117584-27_424b4.htm
FGL,17.0,165.75,2013-12-13T16:40:43-05:00,https://www.sec.gov/Archives/edgar/data/1585064/000119312513473278/d588103d424b4.htm
FHTX,16.0,120.0,2020-10-23T16:02:21-04:00,https://www.sec.gov/Archives/edgar/data/1822462/000119312520275426/d12441d424b4.htm
FIHL,14.0,210.0,2023-06-30T16:21:11-04:00,https://www.sec.gov/Archives/edgar/data/1636639/000119312523180448/d377320d424b4.htm
FINW,10.5,36.75,2021-11-19T16:53:48-05:00,https://www.sec.gov/Archives/edgar/data/1856365/000114036121038728/nt10024103x22_424b4.htm
FLNC,28.0,868.0,2021-10-29T16:49:22-04:00,https://www.sec.gov/Archives/edgar/data/1868941/000110465921131847/tm2120236-13_424b4.htm
FLX,16.5,66.0,2024-10-04T07:20:46-04:00,https://www.sec.gov/Archives/edgar/data/1858724/000119312524232593/d439608d424b4.htm
FLYE,4.0,9.0,2024-06-05T16:45:08-04:00,https://www.sec.gov/Archives/edgar/data/1975940/000121390024050084/ea0202997-07.htm
FNUC,,,,
FOUR,23.0,345.0,2020-06-08T16:02:38-04:00,https://www.sec.gov/Archives/edgar/data/1794669/000119312520163444/d829549d424b4.htm
FROG,44.0,509.001592,2020-09-16T16:12:18-04:00,https://www.sec.gov/Archives/edgar/data/1800667/000119312520247176/d841831d424b4.htm
FRSH,,,2014-05-05T16:54:33-04:00,https://www.sec.gov/Archives/edgar/data/1592379/000119312514182640/d636303d424b4.htm
FSHP,,,,
FSLY,,,,
FTHM,10.0,34.3,2020-07-31T16:12:45-04:00,https://www.sec.gov/Archives/edgar/data/1753162/000110465920089079/tm2021481-15_424b4.htm
FUBO,,,2012-08-09T11:17:36-04:00,https://www.sec.gov/Archives/edgar/data/1484769/000139843212000609/i11477.htm
FULC,16.0,72.0,2019-07-18T17:19:33-04:00,https://www.sec.gov/Archives/edgar/data/1680581/000104746919004265/a2239252z424b4.htm
FUTU,12.0,90.0,2019-03-08T13:48:15-05:00,https://www.sec.gov/Archives/edgar/data/1754581/000119312519068853/d620103d424b4.htm
FVN,10.0,50.0,2024-09-12T11:13:11-04:00,https://www.sec.gov/Archives/edgar/data/2010653/000182912624006233/futurevision2_424b4.htm
FVR,19.0,250.8,2024-10-02T16:48:06-04:00,https://www.sec.gov/Archives/edgar/data/1988494/000114036124042577/ny20036129x12_424b4.htm
FVRR,,,2019-06-14T08:50:34-04:00,https://www.sec.gov/Archives/edgar/data/1762301/000104746919003639/a2239036z424b4.htm
FWRG,18.0,170.262,2021-10-04T16:07:46-04:00,https://www.sec.gov/Archives/edgar/data/1789940/000119312521290941/d177756d424b4.htm
GAMB,8.0,42.0,2021-07-23T16:46:24-04:00,https://www.sec.gov/Archives/edgar/data/1839799/000119312521223092/d160854d424b4.htm
GAUZ,17.0,75.0,2024-06-06T17:42:48-04:00,https://www.sec.gov/Archives/edgar/data/1781446/000121390024050439/ea0202189-08.htm
GCT,12.0,342.857148,2004-10-29T16:29:41-04:00,https://www.sec.gov/Archives/edgar/data/1293200/000104746904032572/a2145731z424b4.htm
GDHG,4.0,7.0,2023-04-13T15:06:59-04:00,https://www.sec.gov/Archives/edgar/data/1928340/000121390023029460/f424b40423_goldenheaven.htm
GDRX,33.0,1142.307672,2020-09-24T16:05:20-04:00,https://www.sec.gov/Archives/edgar/data/1809519/000119312520253358/d949310d424b4.htm
GDTC,,,2023-04-17T16:05:39-04:00,https://www.sec.gov/Archives/edgar/data/1873093/000149315223012534/form424b4.htm
GELS,4.0,5.2,2024-10-22T17:30:28-04:00,https://www.sec.gov/Archives/edgar/data/1920092/000121390024089716/ea0209219-07.htm
GENK,12.0,43.2,2023-06-29T16:04:18-04:00,https://www.sec.gov/Archives/edgar/data/1891856/000119312523178572/d234580d424b4.htm
GFL,19.0025,1425.0000000019,2020-03-04T09:34:05-05:00,https://www.sec.gov/Archives/edgar/data/1780232/000104746920001194/a2240859z424b4.htm
GFS,47.0,2585.0,2021-10-29T16:08:29-04:00,https://www.sec.gov/Archives/edgar/data/1709048/000119312521313344/d192411d424b4.htm
GGRP,,,,
GHRS,16.0,160.0,2021-06-28T16:09:28-04:00,https://www.sec.gov/Archives/edgar/data/1855129/000114036121022509/nt10022430x10_424b4.htm
GIG,10.0,200.0,2024-08-29T17:14:11-04:00,https://www.sec.gov/Archives/edgar/data/2023730/000119312524209966/d794575d424b4.htm
GIPR,10.0,15.0,2021-09-03T09:16:17-04:00,https://www.sec.gov/Archives/edgar/data/1651721/000119312521265096/d845232d424b4.htm
GLE,4.0,8.0,2024-09-23T09:44:38-04:00,https://www.sec.gov/Archives/edgar/data/1908705/000121390024080860/ea0215262-424b4_global.htm
GLSI,5.75,7.250002,2020-09-28T11:29:10-04:00,https://www.sec.gov/Archives/edgar/data/1799788/000121390020028595/f424b40920_greenwichlifesci.htm
GLUE,19.0,222.3,2021-06-25T06:08:04-04:00,https://www.sec.gov/Archives/edgar/data/1826457/000119312521199386/d47776d424b4.htm
GLXG,,,,
GMEX,,,,
GNLN,,,2019-04-19T21:01:09-04:00,https://www.sec.gov/Archives/edgar/data/1743745/000121390019006806/f424b4041719_greenlane.htm
GNLX,6.0,15.0,2023-01-26T17:27:25-05:00,https://www.sec.gov/Archives/edgar/data/1231457/000119312523016372/d300051d424b4.htm
GNS,6.0,19.636362,2022-04-12T09:42:27-04:00,https://www.sec.gov/Archives/edgar/data/1847806/000110465922044873/tm219610-42_424b4.htm
GNTA,,,,
GO,22.0,378.125,2019-06-20T17:18:32-04:00,https://www.sec.gov/Archives/edgar/data/1771515/000119312519177655/d710724d424b4.htm
GOCO,21.0,913.5,2020-07-16T17:26:35-04:00,https://www.sec.gov/Archives/edgar/data/1808220/000119312520194094/d797183d424b4.htm
GOSS,16.0,276.0,2019-02-08T16:40:52-05:00,https://www.sec.gov/Archives/edgar/data/1728117/000119312519032320/d626440d424b4.htm
GOTU,10.5,207.9,2019-06-06T13:38:15-04:00,https://www.sec.gov/Archives/edgar/data/1768259/000119312519166951/d709082d424b4.htm
GP,,,2003-08-05T14:47:00-04:00,https://www.sec.gov/Archives/edgar/data/41077/000095014403009316/g80522b4e424b4.txt
GPAT,10.0,250.0,2024-05-09T08:47:23-04:00,https://www.sec.gov/Archives/edgar/data/1834526/000110465924059150/tm243519-11_424b4.htm
GPCR,15.0,161.1,2023-02-03T17:51:43-05:00,https://www.sec.gov/Archives/edgar/data/1888886/000110465923010729/tm225197-16_424b4.htm
GRAF,10.0,200.0,2024-06-27T09:13:45-04:00,https://www.sec.gov/Archives/edgar/data/1897463/000110465924075421/tm247067-14_424b4.htm
GRDN,14.0,112.0,2024-09-26T17:04:43-04:00,https://www.sec.gov/Archives/edgar/data/1802255/000119312524227041/d856029d424b4.htm
GRO,16.5,282.975,2007-11-07T09:44:43-05:00,https://www.sec.gov/Archives/edgar/data/1413257/000114554907001918/h01235b4e424b4.htm
GSIW,,,2023-12-04T12:19:26-05:00,https://www.sec.gov/Archives/edgar/data/1954269/000121390023092473/f424b41123_gardenstage.htm
GSUN,4.0,17.6,2022-06-23T11:40:42-04:00,https://www.sec.gov/Archives/edgar/data/1826376/000121390022034524/ea161908-424b4_goldensun.htm
GTLB,77.0,800.8,2021-10-14T16:03:25-04:00,https://www.sec.gov/Archives/edgar/data/1653482/000162828021020056/gitlab-424b4.htm
GUTS,15.0,109.999995,2024-02-02T16:18:22-05:00,https://www.sec.gov/Archives/edgar/data/1572616/000119312524022867/d519724d424b4.htm
GV,4.0,17.0,2022-05-18T16:57:45-04:00,https://www.sec.gov/Archives/edgar/data/1892274/000168316822003779/visionary_424b4.htm
GVH,4.0,6.0,2023-11-09T17:22:36-05:00,https://www.sec.gov/Archives/edgar/data/1978527/000149315223040127/form424b4.htm
GXAI,4.15,7.0,2023-02-16T17:27:39-05:00,https://www.sec.gov/Archives/edgar/data/1895618/000121390023012496/f424b40223_thenftgaming.htm
HAO,4.0,9.6,2024-01-29T09:29:51-05:00,https://www.sec.gov/Archives/edgar/data/1954594/000121390024007207/ea192297-424b4_haoxihealth.htm
HBT,16.0,132.8,2019-10-11T17:08:24-04:00,https://www.sec.gov/Archives/edgar/data/775215/000104746919005718/a2239831z424b4.htm
HCAT,26.0,182.0,2019-07-25T06:04:32-04:00,https://www.sec.gov/Archives/edgar/data/1636422/000162828019009003/healthcatalyst424b4.htm
HCTI,4.0,13.05,2021-10-14T17:24:14-04:00,https://www.sec.gov/Archives/edgar/data/1839285/000160706221000414/hcti101421form424b4.htm
HCWB,8.0,56.0,2021-07-21T16:16:24-04:00,https://www.sec.gov/Archives/edgar/data/1828673/000119312521220633/d39345d424b4.htm
HDL,19.56,52.669212,2024-05-17T06:35:43-04:00,https://www.sec.gov/Archives/edgar/data/1995306/000110465924062760/tm2331649-27_424b4.htm
HEPS,12.0,680.88,2021-07-01T13:26:56-04:00,https://www.sec.gov/Archives/edgar/data/1850235/000110465921088134/tm219600-13_424b4.htm
HERE,,,,
HG,15.0,225.0,2023-11-13T07:53:14-05:00,https://www.sec.gov/Archives/edgar/data/1593275/000162828023038412/hamilton-424b4prospectus.htm
HIT,4.0,9.2,2024-12-23T09:24:48-05:00,https://www.sec.gov/Archives/edgar/data/2019505/000121390024111564/ea0200040-19.htm
HKD,7.8,124.8,2022-07-15T14:17:31-04:00,https://www.sec.gov/Archives/edgar/data/1809691/000119312522194790/d943653d424b4.htm
HKIT,5.0,16.0,2023-04-04T06:06:38-04:00,https://www.sec.gov/Archives/edgar/data/1742341/000121390023026702/ea176392-424b4_hitekglobal.htm
HLP,4.0,8.25,2023-03-29T19:37:49-04:00,https://www.sec.gov/Archives/edgar/data/1855557/000121390023024223/f424b40323_hongligroupinc.htm
HNVR,21.0,26.775,2022-05-11T08:46:56-04:00,https://www.sec.gov/Archives/edgar/data/1828588/000110465922058584/tm227216-6_424b4.htm
HOOD,38.0,2090.0,2021-07-30T17:16:31-04:00,https://www.sec.gov/Archives/edgar/data/1783879/000162828021015076/robinhood424.htm
HOTH,5.6,7.0,2019-02-15T17:26:28-05:00,https://www.sec.gov/Archives/edgar/data/1711786/000161577419002658/s116187_424b4.htm
HOUR,4.0,6.0,2022-01-07T14:53:39-05:00,https://www.sec.gov/Archives/edgar/data/1874875/000149315222000661/form424b4.htm
HRMY,24.0,128.372088,2020-08-19T20:09:27-04:00,https://www.sec.gov/Archives/edgar/data/1802665/000119312520224919/d755703d424b4.htm
HSAI,19.0,190.0,2023-02-09T16:02:10-05:00,https://www.sec.gov/Archives/edgar/data/1861737/000110465923017567/tm2120356-28_424b4.htm
HSCS,4.25,6.375,2022-06-17T15:54:46-04:00,https://www.sec.gov/Archives/edgar/data/1468492/000119312522176461/d271308d424b4.htm
HSHP,5.8,44.776,2023-04-03T16:08:52-04:00,https://www.sec.gov/Archives/edgar/data/1959455/000114036123015778/ny20006357x18_424b4.htm
HTCR,5.0,15.0,2022-02-10T17:28:11-05:00,https://www.sec.gov/Archives/edgar/data/1892322/000149315222003835/form424b4.htm
HTLM,4.0,5.0,2024-10-01T09:39:34-04:00,https://www.sec.gov/Archives/edgar/data/2023153/000149315224038954/form424b4.htm
HUHU,4.0,4.2,2024-10-22T06:13:27-04:00,https://www.sec.gov/Archives/edgar/data/1945415/000121390024089418/ea0206594-11.htm
HUIZ,10.5,55.125,2020-02-13T15:48:38-05:00,https://www.sec.gov/Archives/edgar/data/1778982/000119312520035458/d694712d424b4.htm
HYAC,10.0,300.0,2017-10-25T17:11:53-04:00,https://www.sec.gov/Archives/edgar/data/1707306/000121390017010959/f424b4102417_haymaker.htm
HYFM,20.0,173.33334,2020-12-11T16:16:31-05:00,https://www.sec.gov/Archives/edgar/data/1695295/000110465920134781/tm2027341-13_424b4.htm
IBAC,10.0,100.0,2024-03-27T17:28:06-04:00,https://www.sec.gov/Archives/edgar/data/1998781/000149315224011561/form424b4.htm
IBEX,19.0,90.476195,2020-08-10T08:46:39-04:00,https://www.sec.gov/Archives/edgar/data/1720420/000114036120017890/nt10006851x15_424b4.htm
IBG,4.0,5.4,2024-09-27T10:46:24-04:00,https://www.sec.gov/Archives/edgar/data/1924482/000173112224001503/e5988_424b4.htm
IBO,3.0,4.5,2024-09-17T06:06:28-04:00,https://www.sec.gov/Archives/edgar/data/1834105/000149315224036520/form424b4.htm
IBTA,88.0,577.3416,2024-04-18T06:01:35-04:00,https://www.sec.gov/Archives/edgar/data/1538379/000162828024016660/ibotta424b4finalprospectus.htm
ICG,8.0,8.0,2023-03-16T20:20:34-04:00,https://www.sec.gov/Archives/edgar/data/1895597/000119312523072887/d204090d424b4.htm
ICON,18.75,226.21875,2006-12-08T15:30:40-05:00,https://www.sec.gov/Archives/edgar/data/857737/000119312506249586/d424b4.htm
IDYA,10.0,50.0,2019-05-23T20:11:44-04:00,https://www.sec.gov/Archives/edgar/data/1676725/000119312519155710/d637842d424b4.htm
IE,11.75,169.059,2022-06-29T06:02:00-04:00,https://www.sec.gov/Archives/edgar/data/1879016/000110465922075413/tm224101-24_424b4.htm
IH,12.0,84.0,2020-10-09T09:20:21-04:00,https://www.sec.gov/Archives/edgar/data/1814423/000104746920005159/a2242479z424b4.htm
IHRT,,,,
IHS,33.5,281.4,2006-10-25T16:12:16-04:00,https://www.sec.gov/Archives/edgar/data/1316360/000104746906013100/a2174012z424b4.htm
IINN,5.51,16.029091,2021-07-15T16:06:38-04:00,https://www.sec.gov/Archives/edgar/data/1837493/000121390021037050/ea144229-424b4_inspiratech.htm
IKT,10.0,18.0,2020-12-28T06:04:41-05:00,https://www.sec.gov/Archives/edgar/data/1750149/000110465920139346/tm2024520-23_424b4.htm
IMMX,5.0,21.0,2021-12-17T16:55:05-05:00,https://www.sec.gov/Archives/edgar/data/1873835/000149315221031880/form424b4.htm
IMNM,12.0,39.0,2020-10-05T17:10:11-04:00,https://www.sec.gov/Archives/edgar/data/1472012/000110465920112273/tm2025599-8_424b4.htm
IMRX,15.0,112.5,2021-07-30T16:13:59-04:00,https://www.sec.gov/Archives/edgar/data/1790340/000110465921098251/tm2115679-12_424b4.htm
INAB,10.0,40.0,2021-07-30T16:34:10-04:00,https://www.sec.gov/Archives/edgar/data/1740279/000110465921098288/tm2030088-27_424b4.htm
INDO,,,2022-06-02T16:15:53-04:00,https://www.sec.gov/Archives/edgar/data/1757840/000149315222015725/form-424b4.htm
INGM,,,2024-10-24T16:12:11-04:00,https://www.sec.gov/Archives/edgar/data/1897762/000119312524242843/d126458d424b4.htm
INHD,4.0,10.0,2023-12-04T17:28:41-05:00,https://www.sec.gov/Archives/edgar/data/1961847/000121390023092818/f424b41223_innoholdings.htm
INKT,12.0,40.000008,2021-10-15T17:25:36-04:00,https://www.sec.gov/Archives/edgar/data/1840229/000119312521300184/d111280d424b4.htm
INMB,,,,
INMD,,,2010-02-12T15:06:01-05:00,https://www.sec.gov/Archives/edgar/data/885988/000095012310012174/y79264b4e424b4.htm
INTA,26.0,273.0,2021-06-30T18:24:30-04:00,https://www.sec.gov/Archives/edgar/data/1565687/000119312521204971/d83031d424b4.htm
INTJ,,,,
INTS,5.0,19.5,2023-06-30T15:49:53-04:00,https://www.sec.gov/Archives/edgar/data/1567264/000121390023053470/f424b40223_intensitythera.htm
IOT,23.0,805.0,2021-12-15T17:07:17-05:00,https://www.sec.gov/Archives/edgar/data/1642896/000119312521358031/d261594d424b4.htm
IPHA,5.5,68.75,2019-10-18T16:08:35-04:00,https://www.sec.gov/Archives/edgar/data/1598599/000119312519270053/d752656d424b4.htm
IPST,,,,
IREN,28.0,231.538468,2021-11-18T16:05:57-05:00,https://www.sec.gov/Archives/edgar/data/1878848/000114036121038558/ny20000275x14_424b4.htm
ISPR,6.0,12.3,2024-03-25T17:44:58-04:00,https://www.sec.gov/Archives/edgar/data/1948455/000121390024025632/ea0201856-02.htm
ITOC,,,,
IVA,14.4,107.686958,2020-07-13T06:03:02-04:00,https://www.sec.gov/Archives/edgar/data/1756594/000104746920004078/a2242058z424b4.htm
IVVD,17.0,309.4,2021-08-06T16:54:21-04:00,https://www.sec.gov/Archives/edgar/data/1832038/000119312521239375/d549501d424b4.htm
IZM,4.0,6.0,2023-03-16T09:06:23-04:00,https://www.sec.gov/Archives/edgar/data/1854572/000121390023020438/f424b40323_iczoomgroupinc.htm
JBDI,,,,
JCSE,4.0,15.0,2022-04-21T16:42:06-04:00,https://www.sec.gov/Archives/edgar/data/1905511/000149315222010643/form424b4.htm
JDZG,4.0,8.0,2024-05-16T13:39:53-04:00,https://www.sec.gov/Archives/edgar/data/1976908/000110465924062423/tm2321027-20_424b4.htm
JFIN,10.5,36.75,2019-05-10T15:40:43-04:00,https://www.sec.gov/Archives/edgar/data/1743102/000119312519144180/d658943d424b4.htm
JFU,9.5,84.55,2019-08-15T16:22:43-04:00,https://www.sec.gov/Archives/edgar/data/1619544/000104746919004776/a2239503z424b4.htm
JL,5.0,7.0,2024-01-23T16:58:22-05:00,https://www.sec.gov/Archives/edgar/data/1948436/000121390024005795/f424b40124_jlonggroup.htm
JMIA,14.5,195.75,2019-04-15T07:24:08-04:00,https://www.sec.gov/Archives/edgar/data/1756708/000119312519105752/d650749d424b4.htm
JUNS,4.0,11.0,2024-12-02T17:18:03-05:00,https://www.sec.gov/Archives/edgar/data/1679628/000149315224048318/form424b4.htm
JYD,4.0,5.0,2023-04-21T11:29:17-04:00,https://www.sec.gov/Archives/edgar/data/1938186/000119312523109883/d735110d424b4.htm
KAPA,4.0,6.2,2024-09-17T06:36:15-04:00,https://www.sec.gov/Archives/edgar/data/1962011/000149315224036474/form424b4.htm
KC,17.0,510.0,2020-05-11T09:10:46-04:00,https://www.sec.gov/Archives/edgar/data/1795589/000119312520138383/d805184d424b4.htm
KGS,21.0,105.0,2007-08-07T20:52:08-04:00,https://www.sec.gov/Archives/edgar/data/1389030/000095012907003842/d42935b4e424b4.htm
KLC,24.0,576.0,2024-10-09T16:15:45-04:00,https://www.sec.gov/Archives/edgar/data/1873529/000119312524235226/d760946d424b4.htm
KLTR,10.0,150.0,2021-07-22T16:06:33-04:00,https://www.sec.gov/Archives/edgar/data/1432133/000162828021014255/kaltura424b.htm
KRKR,14.5,20.01,2019-11-12T15:29:45-05:00,https://www.sec.gov/Archives/edgar/data/1779476/000104746919006233/a2240041z424b4.htm
KROS,16.0,96.0,2020-04-08T16:58:40-04:00,https://www.sec.gov/Archives/edgar/data/1664710/000119312520101456/d855212d424b4.htm
KRRO,14.0,84.0,2019-10-04T16:19:48-04:00,https://www.sec.gov/Archives/edgar/data/1703647/000119312519262758/d72917d424b4.htm
KRUS,14.0,40.6,2019-08-01T17:08:47-04:00,https://www.sec.gov/Archives/edgar/data/1772177/000119312519211012/d616772d424b4.htm
KSPI,92.0,1039.6,2024-01-19T16:18:48-05:00,https://www.sec.gov/Archives/edgar/data/1985487/000119312524011265/d425809d424b4.htm
KTTA,5.0,24.0,2021-09-16T17:11:05-04:00,https://www.sec.gov/Archives/edgar/data/1841330/000121390021048419/ea147515-424b4_pasitheather.htm
KVAC,10.0,130.0,2023-07-25T10:09:23-04:00,https://www.sec.gov/Archives/edgar/data/1889983/000121390023059440/f424b40723_keenvisionacq.htm
KVUE,22.0,3801.87632,2023-05-04T17:23:45-04:00,https://www.sec.gov/Archives/edgar/data/1944048/000162828023015837/kenvue424b4.htm
KVYO,30.0,576.0,2023-09-20T06:37:18-04:00,https://www.sec.gov/Archives/edgar/data/1835830/000162828023032570/klaviyoincfinalprospectus.htm
KYMR,20.0,173.696,2020-08-21T17:19:01-04:00,https://www.sec.gov/Archives/edgar/data/1815442/000119312520227121/d940105d424b4.htm
KYTX,22.0,319.0,2024-02-08T16:05:51-05:00,https://www.sec.gov/Archives/edgar/data/1994702/000119312524028334/d530411d424b4.htm
LASE,5.0,15.0,2022-10-03T13:15:37-04:00,https://www.sec.gov/Archives/edgar/data/1807887/000165495422013210/laser_424b4.htm
LAW,,,2021-07-21T17:54:39-04:00,https://www.sec.gov/Archives/edgar/data/1625641/000119312521220816/d176601d424b4.htm
LB,17.0,246.5,2024-06-28T17:23:45-04:00,https://www.sec.gov/Archives/edgar/data/1995807/000119312524172433/d752700d424b4.htm
LBGJ,4.0,6.08,2024-10-22T16:43:28-04:00,https://www.sec.gov/Archives/edgar/data/1896425/000121390024089686/ea0218085-424b4_libang.htm
LCFY,4.125,6.000002,2022-03-28T21:59:24-04:00,https://www.sec.gov/Archives/edgar/data/1875547/000149315222007939/form424b4.htm
LEGN,23.0,423.775,2020-06-08T09:07:05-04:00,https://www.sec.gov/Archives/edgar/data/1801198/000119312520162919/d884493d424b4.htm
LEGT,10.0,175.0,2024-02-06T16:30:37-05:00,https://www.sec.gov/Archives/edgar/data/2002038/000182912624000763/legatomerger3_424b4.htm
LENZ,17.0,238.0,2021-06-25T20:37:00-04:00,https://www.sec.gov/Archives/edgar/data/1815776/000119312521200751/d132211d424b4.htm
LESL,17.0,680.0,2020-10-30T17:24:02-04:00,https://www.sec.gov/Archives/edgar/data/1821806/000119312520282772/d905917d424b4.htm
LEVI,17.0,623.333339,2019-03-21T16:57:26-04:00,https://www.sec.gov/Archives/edgar/data/94845/000119312519082264/d632158d424b4.htm
LGCB,4.0,6.0,2023-12-20T16:38:41-05:00,https://www.sec.gov/Archives/edgar/data/1969401/000121390023097352/f424b41223_linkage.htm
LGCL,4.0,6.0,2024-03-06T09:26:19-05:00,https://www.sec.gov/Archives/edgar/data/1954694/000119312524060136/d411169d424b4.htm
LGCY,4.0,10.0,2024-09-27T06:05:19-04:00,https://www.sec.gov/Archives/edgar/data/1836754/000149315224038419/form424b4.htm
LI,11.5,1092.5,2020-07-30T08:52:23-04:00,https://www.sec.gov/Archives/edgar/data/1791706/000104746920004324/a2242162z424b4.htm
LICN,4.0,16.0,2023-02-07T13:26:53-05:00,https://www.sec.gov/Archives/edgar/data/1876766/000121390023008874/ea172781-424b4_lichenchina.htm
LIEN,,,,
LINE,21.0,246.75,2006-01-13T17:04:22-05:00,https://www.sec.gov/Archives/edgar/data/1326428/000104746906000458/a2166602z424b4.htm
LMND,,,2020-07-02T07:04:09-04:00,https://www.sec.gov/Archives/edgar/data/1691421/000104746920003943/a2242013z424b4.htm
LNKS,4.0,7.6,2024-12-05T10:41:59-05:00,https://www.sec.gov/Archives/edgar/data/1972074/000121390024105821/ea0206763-11.htm
LOAR,28.0,308.0,2024-04-26T16:18:56-04:00,https://www.sec.gov/Archives/edgar/data/2000178/000119312524118106/d551112d424b4.htm
LOBO,4.0,5.52,2024-03-21T20:25:55-04:00,https://www.sec.gov/Archives/edgar/data/1932072/000149315224010850/form424b4.htm
LONA,,,,
LPAA,,,,
LPBB,10.0,200.0,2024-10-08T06:24:13-04:00,https://www.sec.gov/Archives/edgar/data/2023676/000121390024086036/ea0206909-14.htm
LRE,19.0,178.752,2011-11-14T06:02:58-05:00,https://www.sec.gov/Archives/edgar/data/1519632/000104746911009407/a2206357z424b4.htm
LSE,,,2004-03-19T17:15:00-05:00,https://www.sec.gov/Archives/edgar/data/1057689/000119312504045758/d424b4.htm
LSF,22.0,58.3,2020-09-23T06:47:24-04:00,https://www.sec.gov/Archives/edgar/data/1650696/000119312520251696/d934473d424b4.htm
LSH,4.5,6.75,2024-06-28T12:48:49-04:00,https://www.sec.gov/Archives/edgar/data/1996192/000121390024057041/ea0201917-14.htm
LSPD,,,,
LTH,18.0,702.0,2021-10-07T20:20:38-04:00,https://www.sec.gov/Archives/edgar/data/1869198/000119312521294420/d157859d424b4.htm
LTRN,15.0,26.25,2020-06-12T07:49:44-04:00,https://www.sec.gov/Archives/edgar/data/1763950/000121390020014754/f424b40620_lanternpharm.htm
LU,13.5,2362.5,2020-10-30T12:12:18-04:00,https://www.sec.gov/Archives/edgar/data/1816007/000119312520282192/d934009d424b4.htm
LUCD,14.0,70.0,2021-10-14T17:55:47-04:00,https://www.sec.gov/Archives/edgar/data/1799011/000149315221025472/form424b4.htm
LUCY,7.5,7.35,2022-08-16T15:42:36-04:00,https://www.sec.gov/Archives/edgar/data/1808377/000182912622015921/innovativeeyewear_424b4.htm
LUNG,19.0,190.0,2020-10-01T16:08:02-04:00,https://www.sec.gov/Archives/edgar/data/1127537/000162828020014122/pulmonx424b4.htm
LVLU,16.0,92.0,2021-11-12T16:35:21-05:00,https://www.sec.gov/Archives/edgar/data/1780201/000119312521328173/d189376d424b4.htm
LXEH,9.25,30.83395,2020-10-01T09:27:44-04:00,https://www.sec.gov/Archives/edgar/data/1814067/000119312520260728/d921897d424b4.htm
LXEO,11.0,100.00001,2023-11-06T16:54:15-05:00,https://www.sec.gov/Archives/edgar/data/1907108/000119312523271432/d287237d424b4.htm
LYFT,,,2019-03-29T06:17:00-04:00,https://www.sec.gov/Archives/edgar/data/1759509/000119312519091446/d721841d424b4.htm
LZ,28.0,535.388,2021-06-30T16:41:22-04:00,https://www.sec.gov/Archives/edgar/data/1286139/000119312521204774/d146270d424b4.htm
MACI,10.0,150.0,2024-06-18T16:32:12-04:00,https://www.sec.gov/Archives/edgar/data/2016221/000110465924072844/tm2411016-8_424b4.htm
MAIA,5.0,10.0,2022-07-29T08:31:46-04:00,https://www.sec.gov/Archives/edgar/data/1878313/000156459022027005/maia-424b4.htm
MAMO,4.5,5.85,2024-04-03T16:05:39-04:00,https://www.sec.gov/Archives/edgar/data/1952853/000149315224012986/form424b4.htm
MASS,20.0,130.0,2020-12-18T16:03:30-05:00,https://www.sec.gov/Archives/edgar/data/1555279/000110465920137398/tm2032047-21_424b4.htm
MAX,19.0,175.75,2020-10-29T11:24:20-04:00,https://www.sec.gov/Archives/edgar/data/1818383/000119312520280644/d48669d424b4.htm
MBAV,10.0,250.0,2024-08-01T19:08:37-04:00,https://www.sec.gov/Archives/edgar/data/2016072/000121390024064219/ea0204051-10.htm
MBLY,21.0,861.0,2022-10-27T16:06:28-04:00,https://www.sec.gov/Archives/edgar/data/1910139/000110465922112004/tm227410-23_424b4.htm
MBX,18.0,199.94499,2025-09-25T16:03:17-04:00,https://www.sec.gov/Archives/edgar/data/1776111/000119312525217429/424b4_final_prospectus_s.htm
MCBS,13.5,26.1765,2019-10-03T16:52:03-04:00,https://www.sec.gov/Archives/edgar/data/1747068/000114420419047173/tv529985_424b4.htm
MCW,15.0,562.5,2021-06-28T17:00:19-04:00,https://www.sec.gov/Archives/edgar/data/1853513/000119312521202135/d117644d424b4.htm
MDBH,12.0,19.999992,2023-07-26T11:07:18-04:00,https://www.sec.gov/Archives/edgar/data/1934642/000149315223025538/form424b4.htm
MDV,,,2021-09-15T16:14:10-04:00,https://www.sec.gov/Archives/edgar/data/1645873/000114036121031351/ny20000521x7_424b4.htm
MDXH,,,2021-11-05T16:36:06-04:00,https://www.sec.gov/Archives/edgar/data/1872529/000121390021057043/f424b41121_mdxhealth.htm
MEC,17.0,106.25,2019-05-10T16:54:06-04:00,https://www.sec.gov/Archives/edgar/data/1766368/000119312519144347/d725632d424b4.htm
MEG,,,2014-04-28T17:06:10-04:00,https://www.sec.gov/Archives/edgar/data/216539/000119312514163349/d714766d424b4.htm
MEGL,4.0,20.0,2022-08-05T16:01:08-04:00,https://www.sec.gov/Archives/edgar/data/1881472/000121390022045048/f424b40822_magic.htm
MFI,4.5,7.500001,2024-04-23T16:58:49-04:00,https://www.sec.gov/Archives/edgar/data/1940941/000149315224015705/form424b4.htm
MGIH,4.0,5.0,2023-04-06T16:00:28-04:00,https://www.sec.gov/Archives/edgar/data/1903995/000121390023027955/ea176490-424b4_millennium.htm
MGRX,4.0,5.0,2023-03-21T19:26:35-04:00,https://www.sec.gov/Archives/edgar/data/1938046/000149315223008443/form424b4.htm
MGX,15.0,93.75,2024-02-12T07:01:16-05:00,https://www.sec.gov/Archives/edgar/data/1785279/000119312524031007/d425213d424b4.htm
MIRA,,,2023-08-04T13:01:25-04:00,https://www.sec.gov/Archives/edgar/data/1904286/000149315223026760/form424b4.htm
MIRM,15.0,75.0,2019-07-18T16:04:13-04:00,https://www.sec.gov/Archives/edgar/data/1759425/000119312519196500/d730455d424b4.htm
MITQ,3.0,12.6,2021-07-08T09:46:16-04:00,https://www.sec.gov/Archives/edgar/data/1770236/000110465921090040/tm2024097-18_424b4.htm
MLYS,16.0,192.0,2023-02-10T16:01:02-05:00,https://www.sec.gov/Archives/edgar/data/1933414/000162828023003159/mineralys-424b4.htm
MMA,5.0,6.5,2024-03-28T17:30:22-04:00,https://www.sec.gov/Archives/edgar/data/1981519/000149315224011809/form424b4.htm
MNDR,,,,
MNPR,8.0,8.888896,2019-12-19T17:36:15-05:00,https://www.sec.gov/Archives/edgar/data/1645469/000165495419014106/mnpr_424b4.htm
MNR,19.0,190.0,2023-10-26T16:10:52-04:00,https://www.sec.gov/Archives/edgar/data/1980088/000101376223006951/f424b41023_mach.htm
MNSO,20.0,608.0,2020-10-15T13:58:49-04:00,https://www.sec.gov/Archives/edgar/data/1815846/000119312520270125/d32239d424b4.htm
MOB,4.13,11.80354,2022-08-26T09:30:05-04:00,https://www.sec.gov/Archives/edgar/data/1898643/000121390022051248/ea165007-424b4_mobilicom.htm
MRM,15.0,12.0,2020-12-29T18:41:20-05:00,https://www.sec.gov/Archives/edgar/data/1819704/000110465920140215/tm2026644-22_424b4.htm
MRVI,27.0,1620.0,2020-11-23T16:36:30-05:00,https://www.sec.gov/Archives/edgar/data/1823239/000119312520301431/d73061d424b4.htm
MRX,19.0,292.307685,2024-04-25T19:31:09-04:00,https://www.sec.gov/Archives/edgar/data/1997464/000119312524114579/d551881d424b4.htm
MSS,4.0,10.0,2023-10-05T16:47:36-04:00,https://www.sec.gov/Archives/edgar/data/1892292/000101376223002201/f424b41023_maison.htm
MSW,5.5,8.25,2024-11-22T06:09:37-05:00,https://www.sec.gov/Archives/edgar/data/1956166/000149315224047225/form424b4.htm
MTC,4.0,7.2,2019-01-09T11:01:15-05:00,https://www.sec.gov/Archives/edgar/data/1742518/000121390019000432/f424b4010819_mmtecinc.htm
MTEK,4.2,15.5419934,2022-02-03T17:27:45-05:00,https://www.sec.gov/Archives/edgar/data/1872964/000121390022005306/f424b40222_maristechltd.htm
MTEN,4.0,4.2,2024-04-19T15:47:36-04:00,https://www.sec.gov/Archives/edgar/data/1948099/000121390024034489/ea0204220-424b4_mingteng.htm
MWG,2.5,18.1,2023-04-05T06:10:30-04:00,https://www.sec.gov/Archives/edgar/data/1941500/000149315223010904/form424b4.htm
MXCT,13.0,175.5,2021-07-30T16:06:13-04:00,https://www.sec.gov/Archives/edgar/data/1287098/000110465921098238/tm2113965-12_424b4.htm
MYSE,,,,
NAKA,,,,
NAMI,4.0,5.0,2024-12-06T14:37:14-05:00,https://www.sec.gov/Archives/edgar/data/1967631/000121390024106418/ea0200131-21.htm
NBP,,,,
NBTX,13.5,98.55,2020-12-11T17:26:19-05:00,https://www.sec.gov/Archives/edgar/data/1760854/000114036120028188/nt10009390x19_424b4.htm
NCEW,4.0,6.0,2024-12-18T15:05:20-05:00,https://www.sec.gov/Archives/edgar/data/1968043/000149315224050584/form424b4.htm
NCI,4.0,9.28,2024-04-24T16:10:12-04:00,https://www.sec.gov/Archives/edgar/data/1916331/000121390024035783/ea0202567-03.htm
NCL,5.0,6.0,2023-10-20T17:17:06-04:00,https://www.sec.gov/Archives/edgar/data/1923780/000157587223001643/or022_424b4.htm
NCNO,,,2020-07-14T15:31:03-04:00,https://www.sec.gov/Archives/edgar/data/1566895/000119312520192569/d24571d424b4.htm
NET,15.0,525.0,2019-09-13T06:07:47-04:00,https://www.sec.gov/Archives/edgar/data/1477333/000119312519244325/d735023d424b4.htm
NEXR,,,,
NFE,14.0,280.0,2019-01-31T17:05:35-05:00,https://www.sec.gov/Archives/edgar/data/1749723/000114036119002130/s002392x18_424b4.htm
NIPG,9.0,20.25,2024-07-26T07:00:11-04:00,https://www.sec.gov/Archives/edgar/data/1966233/000110465924082834/tm233357-31_424b4.htm
NKTX,18.0,252.0,2020-07-10T21:35:36-04:00,https://www.sec.gov/Archives/edgar/data/1787400/000119312520191255/d884708d424b4.htm
NNE,4.0,10.25,2024-05-08T20:41:29-04:00,https://www.sec.gov/Archives/edgar/data/1923891/000149315224018288/form424b4.htm
NNOX,18.0,165.217392,2020-08-24T17:19:41-04:00,https://www.sec.gov/Archives/edgar/data/1795251/000114036120018983/nt10006151x17_424b4.htm
NRDS,18.0,130.5,2021-11-05T16:18:27-04:00,https://www.sec.gov/Archives/edgar/data/1625278/000162828021022027/nerdwallet424b4.htm
NREF,24.0,48.0,2020-07-21T16:18:24-04:00,https://www.sec.gov/Archives/edgar/data/1786248/000119312520196325/d923206d424b4.htm
NRIX,19.0,209.0,2020-07-24T16:06:27-04:00,https://www.sec.gov/Archives/edgar/data/1549595/000119312520198537/d903927d424b4.htm
NRSN,6.0,12.0,2021-12-10T06:12:43-05:00,https://www.sec.gov/Archives/edgar/data/1875091/000121390021064532/f424b41221_neurosense.htm
NRXS,6.0,6.592002,2023-08-11T09:25:19-04:00,https://www.sec.gov/Archives/edgar/data/1933567/000149315223027743/form424b4.htm
NTCL,5.0,9.0,2024-12-13T16:55:24-05:00,https://www.sec.gov/Archives/edgar/data/1927578/000110465924128487/tm2416562d9_424b4.htm
NTST,18.0,225.0,2020-08-14T17:19:29-04:00,https://www.sec.gov/Archives/edgar/data/1798100/000104746920004626/a2242269z424b4.htm
NTWO,,,,
NU,,,,
NUVL,17.0,16.575,2021-07-30T16:06:34-04:00,https://www.sec.gov/Archives/edgar/data/1861560/000119312521231450/d174530d424b4.htm
NVCT,5.0,16.0,2022-02-07T06:06:55-05:00,https://www.sec.gov/Archives/edgar/data/1875558/000110465922012184/tm2134024-11_424b4.htm
NVST,22.0,588.896,2019-09-18T17:33:32-04:00,https://www.sec.gov/Archives/edgar/data/1757073/000175707319000026/envista424b4.htm
NWGL,9.0,6.75,2023-09-13T17:50:43-04:00,https://www.sec.gov/Archives/edgar/data/1948294/000149315223032526/form424b4.htm
NXGL,5.5,14.2175,2021-12-23T19:32:32-05:00,https://www.sec.gov/Archives/edgar/data/1468929/000110465921153274/tm2128342d15_424b4.htm
NXL,4.15,9.60725,2022-09-19T14:26:29-04:00,https://www.sec.gov/Archives/edgar/data/1527352/000182912622016957/nexalintech_424b4.htm
NXT,24.0,638.4,2023-02-10T17:20:34-05:00,https://www.sec.gov/Archives/edgar/data/1852131/000119312523032878/d139910d424b4.htm
NXTC,15.0,75.0,2019-05-09T16:57:28-04:00,https://www.sec.gov/Archives/edgar/data/1661059/000104746919002988/a2238771z424b4.htm
NYXH,30.0,85.05,2021-07-06T16:15:53-04:00,https://www.sec.gov/Archives/edgar/data/1857190/000110465921089418/tm2111148-15_424b4.htm
OACC,10.0,175.0,2024-10-24T16:58:43-04:00,https://www.sec.gov/Archives/edgar/data/2029769/000119312524242948/d814216d424b4.htm
OAKU,10.0,50.0,2023-03-23T20:52:17-04:00,https://www.sec.gov/Archives/edgar/data/1945422/000121390023022559/f424b40223_oakwoodsacq.htm
OBDC,,,,
OCG,4.0,20.26,2020-12-16T08:31:27-05:00,https://www.sec.gov/Archives/edgar/data/1776067/000121390020042908/ea131715-424b4_orientalcult.htm
ODD,35.0,423.684135,2023-07-20T17:25:34-04:00,https://www.sec.gov/Archives/edgar/data/1907085/000110465923082792/tm223332-38_424b4.htm
OKYO,4.0,2.5,2022-05-18T06:12:57-04:00,https://www.sec.gov/Archives/edgar/data/1849296/000149315222014266/form-424b4.htm
OLMA,19.0,209.0,2020-11-19T16:43:03-05:00,https://www.sec.gov/Archives/edgar/data/1750284/000110465920127387/tm2027048-15_424b4.htm
OLPX,21.0,1547.7,2021-10-01T16:17:07-04:00,https://www.sec.gov/Archives/edgar/data/1868726/000119312521289710/d164089d424b4.htm
OM,27.0,241.679997,2020-09-16T14:05:19-04:00,https://www.sec.gov/Archives/edgar/data/1484612/000119312520247044/d941853d424b4.htm
OMH,4.0,11.2,2023-03-22T17:07:35-04:00,https://www.sec.gov/Archives/edgar/data/1944902/000149315223008563/form424b4.htm
ONCO,9.0,19.999998,2022-02-22T18:12:44-05:00,https://www.sec.gov/Archives/edgar/data/1782107/000121390022008760/f424b40222_bluewatervac.htm
ONEG,4.0,7.0,2025-01-02T06:48:15-05:00,https://www.sec.gov/Archives/edgar/data/2030834/000121390024114194/ea0210012-11.htm
ONEW,12.0,55.38462,2020-02-10T16:17:09-05:00,https://www.sec.gov/Archives/edgar/data/1772921/000114036120002716/nt10006686x10_424b4.htm
ONFO,5.0,13.76875,2022-08-29T17:19:19-04:00,https://www.sec.gov/Archives/edgar/data/1825452/000165495422011922/onfo_424b4.htm
ONON,24.0,746.4,2021-09-16T16:25:50-04:00,https://www.sec.gov/Archives/edgar/data/1858985/000119312521275158/d175570d424b4.htm
OPRT,15.0,93.75,2019-09-26T17:50:30-04:00,https://www.sec.gov/Archives/edgar/data/1538716/000119312519256164/d692259d424b4.htm
ORIC,16.0,120.0,2020-04-24T17:04:42-04:00,https://www.sec.gov/Archives/edgar/data/1796280/000119312520119234/d843476d424b4.htm
ORIS,4.0,7.0,2024-10-17T17:00:47-04:00,https://www.sec.gov/Archives/edgar/data/1964664/000121390024088565/ea0217860-424b4_oriental.htm
ORKT,4.75,13.0625,2024-07-25T17:21:37-04:00,https://www.sec.gov/Archives/edgar/data/1979407/000149315224029118/form424b4.htm
OS,20.0,490.0,2024-07-24T17:16:41-04:00,https://www.sec.gov/Archives/edgar/data/1889956/000095017024086133/onestream_424b4.htm
OST,4.0,13.5,2022-04-28T17:38:16-04:00,https://www.sec.gov/Archives/edgar/data/1803407/000121390022022398/ea158979-424b4_ostintech.htm
OSTX,4.0,6.4,2024-08-01T17:07:01-04:00,https://www.sec.gov/Archives/edgar/data/1795091/000121390024064156/ea0205761-10.htm
PACS,21.0,450.000012,2024-04-12T16:17:20-04:00,https://www.sec.gov/Archives/edgar/data/2001184/000162828024016052/pacs-424b4.htm
PAL,15.0,214.999995,2024-05-10T17:11:41-04:00,https://www.sec.gov/Archives/edgar/data/1998768/000121390024041822/ea0201004-12.htm
PAPL,4.0,3.5,2023-11-02T15:30:46-04:00,https://www.sec.gov/Archives/edgar/data/1938109/000149315223039128/form424b4.htm
PASG,18.0,216.0,2020-02-28T16:07:11-05:00,https://www.sec.gov/Archives/edgar/data/1787297/000104746920001117/a2240853z424b4.htm
PAVS,5.5,11.0,2019-10-25T17:31:13-04:00,https://www.sec.gov/Archives/edgar/data/1751876/000121390019021187/f424b4102519_happinessbio.htm
PC,,,,
PCSC,10.0,75.0,2024-06-12T16:30:50-04:00,https://www.sec.gov/Archives/edgar/data/2017526/000114036124029891/ny20026753x13_424b4.htm
PCVX,16.0,250.0,2020-06-15T17:17:35-04:00,https://www.sec.gov/Archives/edgar/data/1649094/000119312520169580/d802328d424b4.htm
PD,24.0,217.68,2019-04-11T16:57:15-04:00,https://www.sec.gov/Archives/edgar/data/1568100/000162828019004208/pagerduty424b4.htm
PECO,28.0,476.0,2021-07-15T21:46:31-04:00,https://www.sec.gov/Archives/edgar/data/1476204/000147620421000152/prospectusfinal.htm
PEPG,12.0,108.0,2022-05-09T17:29:20-04:00,https://www.sec.gov/Archives/edgar/data/1835597/000119312522145157/d235586d424b4.htm
PGNY,13.0,130.0,2019-10-25T16:44:36-04:00,https://www.sec.gov/Archives/edgar/data/1551306/000104746919005913/a2239907z424b4.htm
PHAT,19.0,181.699983,2019-10-25T18:38:18-04:00,https://www.sec.gov/Archives/edgar/data/1783183/000119312519274989/d63338d424b4.htm
PHR,18.0,167.187492,2019-07-19T16:07:23-04:00,https://www.sec.gov/Archives/edgar/data/1412408/000119312519198016/d692551d424b4.htm
PINE,19.0,142.5,2019-11-25T17:17:03-05:00,https://www.sec.gov/Archives/edgar/data/1786117/000119312519300019/d793798d424b4.htm
PINS,19.0,1425.0,2019-04-18T17:22:46-04:00,https://www.sec.gov/Archives/edgar/data/1506293/000119312519111067/d697629d424b4.htm
PLMR,15.0,84.375,2019-04-17T16:59:46-04:00,https://www.sec.gov/Archives/edgar/data/1761312/000104746919002321/a2238510z424b4.htm
PLRX,16.0,144.0,2020-06-03T17:27:47-04:00,https://www.sec.gov/Archives/edgar/data/1746473/000119312520159718/d729258d424b4.htm
PLRZ,4.38,4.199995,2024-10-30T08:31:15-04:00,https://www.sec.gov/Archives/edgar/data/1893645/000121390024091966/ea021895001-424b4_polyrizon.htm
PLTR,,,2020-09-30T06:06:31-04:00,https://www.sec.gov/Archives/edgar/data/1321655/000119312520258493/d904406d424b4.htm
PMAX,4.0,5.707,2024-09-06T11:41:25-04:00,https://www.sec.gov/Archives/edgar/data/2012096/000121390024076355/ea0201090-14.htm
PMNT,6.0,8.004,2024-02-09T17:26:49-05:00,https://www.sec.gov/Archives/edgar/data/1849221/000121390024012180/ea193281-424b4_perfect.htm
PMVP,18.0,211.77,2020-09-25T16:03:05-04:00,https://www.sec.gov/Archives/edgar/data/1699382/000119312520254551/d922470d424b4.htm
POLE,10.0,200.0,2024-09-05T17:14:00-04:00,https://www.sec.gov/Archives/edgar/data/2025341/000121390024076167/ea0208202-05.htm
PONY,13.0,260.0,2024-11-27T16:05:56-05:00,https://www.sec.gov/Archives/edgar/data/1969302/000110465924123680/tm2310344-35_424b4.htm
PRAX,19.0,190.0,2020-10-16T16:02:32-04:00,https://www.sec.gov/Archives/edgar/data/1689548/000119312520271080/d945651d424b4.htm
PRCT,25.0,163.9,2021-09-16T16:42:37-04:00,https://www.sec.gov/Archives/edgar/data/1588978/000162828021018770/proceptbiorobotics424b4.htm
PRFX,8.0,20.0,2020-09-02T16:09:48-04:00,https://www.sec.gov/Archives/edgar/data/1801834/000121390020025035/f424b40820_painreform.htm
PRLD,19.0,158.175,2020-09-25T16:08:31-04:00,https://www.sec.gov/Archives/edgar/data/1678660/000119312520254577/d935180d424b4.htm
PRME,17.0,175.000006,2022-10-21T16:47:42-04:00,https://www.sec.gov/Archives/edgar/data/1894562/000162828022026826/primemedicinefinal424b.htm
PRZO,,,2023-07-27T16:43:25-04:00,https://www.sec.gov/Archives/edgar/data/1916241/000121390023060292/f424b40723_parazero.htm
PSBD,,,,
PSN,27.0,499.9995,2019-05-09T06:34:41-04:00,https://www.sec.gov/Archives/edgar/data/275880/000119312519142103/d625480d424b4.htm
PSNL,17.0,134.6655,2019-06-20T17:16:54-04:00,https://www.sec.gov/Archives/edgar/data/1527753/000119312519177650/d677649d424b4.htm
PSTL,17.0,76.5,2019-05-16T17:27:07-04:00,https://www.sec.gov/Archives/edgar/data/1759774/000161577419008054/s118352_424b4.htm
PTLE,4.0,5.0,2024-10-16T11:11:32-04:00,https://www.sec.gov/Archives/edgar/data/2016337/000121390024088032/ea0216665-424b4_ptllimited.htm
PTLO,20.0,405.4054,2021-10-22T17:22:48-04:00,https://www.sec.gov/Archives/edgar/data/1871509/000119312521305586/d184092d424b4.htm
PTON,,,2019-09-26T06:09:57-04:00,https://www.sec.gov/Archives/edgar/data/1639825/000119312519255124/d738839d424b4.htm
PUBM,20.0,118.0,2020-12-09T16:19:45-05:00,https://www.sec.gov/Archives/edgar/data/1422930/000162828020017283/pubmatic424b42020.htm
PYPD,16.0,60.0,2020-06-26T17:43:42-04:00,https://www.sec.gov/Archives/edgar/data/1611842/000104746920003886/a2241965z424b4.htm
PYXS,16.0,168.0,2021-10-08T17:00:03-04:00,https://www.sec.gov/Archives/edgar/data/1782223/000119312521295600/d156228d424b4.htm
QETA,10.0,60.0,2023-10-10T13:11:23-04:00,https://www.sec.gov/Archives/edgar/data/1978528/000182912623006525/quettaacquisitioncop_424b4.htm
QMMM,4.0,8.6,2024-07-22T14:00:04-04:00,https://www.sec.gov/Archives/edgar/data/1971542/000149315224028661/form424b4.htm
QNCX,17.0,75.004,2019-05-09T17:14:55-04:00,https://www.sec.gov/Archives/edgar/data/1662774/000119312519143164/d703513d424b4.htm
QUCY,,,,
RANI,11.0,73.333337,2021-08-02T16:11:27-04:00,https://www.sec.gov/Archives/edgar/data/1856725/000119312521233246/d151628d424b4.htm
RAPP,17.0,136.0,2024-06-07T16:14:07-04:00,https://www.sec.gov/Archives/edgar/data/2012593/000119312524157358/d803738d424b4.htm
RAPT,12.0,36.0,2019-10-31T21:26:59-04:00,https://www.sec.gov/Archives/edgar/data/1673772/000119312519280872/d723949d424b4.htm
RAY,4.0,6.0,2024-05-15T10:26:23-04:00,https://www.sec.gov/Archives/edgar/data/1948443/000121390024043271/ea0205894-424b4_raytech.htm
RAYA,4.0,12.0,2022-12-15T17:17:42-05:00,https://www.sec.gov/Archives/edgar/data/1825875/000121390022080188/ea170180-424b4_erayakpower.htm
RBKB,,,,
RBRK,32.0,752.0,2024-04-26T17:20:54-04:00,https://www.sec.gov/Archives/edgar/data/1943896/000119312524118478/d359771d424b4.htm
RDAC,10.0,50.0,2024-10-11T16:06:03-04:00,https://www.sec.gov/Archives/edgar/data/2018145/000121390024087257/ea0207307-08.htm
RDDT,34.0,748.0,2024-03-21T09:03:42-04:00,https://www.sec.gov/Archives/edgar/data/1713445/000162828024012380/reddit-final424b4.htm
REAL,20.0,300.0,2019-06-28T06:07:10-04:00,https://www.sec.gov/Archives/edgar/data/1573221/000119312519184923/d720814d424b4.htm
REBN,,,2024-10-04T16:16:20-04:00,https://www.sec.gov/Archives/edgar/data/1707910/000121390024085561/ea0216676-424b4_reborn.htm
RECT,4.0,8.0,2024-06-21T13:11:17-04:00,https://www.sec.gov/Archives/edgar/data/1995116/000121390024054623/ea0208187-424b4_rectitude.htm
REFI,16.0,100.0,2021-12-08T20:11:34-05:00,https://www.sec.gov/Archives/edgar/data/1867949/000121390021064272/f424b41221_chicagoatl.htm
RELY,43.0,522.999411,2021-09-24T08:48:50-04:00,https://www.sec.gov/Archives/edgar/data/1782170/000162828021019130/remitlyglobalinc-424b4.htm
RENT,21.0,357.0,2021-10-27T06:13:52-04:00,https://www.sec.gov/Archives/edgar/data/1468327/000119312521308630/d194411d424b4.htm
REYN,,,2020-01-31T16:32:27-05:00,https://www.sec.gov/Archives/edgar/data/1786431/000119312520021414/d769843d424b4.htm
RFAI,10.0,100.0,2024-05-17T16:30:42-04:00,https://www.sec.gov/Archives/edgar/data/2012807/000182912624003479/rfacq2_424b4.htm
RGC,19.0,342.0,2002-05-09T10:25:11-04:00,https://www.sec.gov/Archives/edgar/data/1168696/000091205702019229/a2079109z424b4.htm
RITR,4.0,8.5,2024-08-23T16:09:05-04:00,https://www.sec.gov/Archives/edgar/data/1951229/000121390024072216/ea0200064-17.htm
RIVN,78.0,11934.0,2021-11-12T17:00:47-05:00,https://www.sec.gov/Archives/edgar/data/1874178/000119312521328239/d157488d424b4.htm
RKT,,,2020-08-07T19:03:30-04:00,https://www.sec.gov/Archives/edgar/data/1805284/000104746920004448/a2242208z424b4.htm
RLAY,20.0,400.0,2020-07-16T16:34:32-04:00,https://www.sec.gov/Archives/edgar/data/1812364/000119312520194016/d904779d424b4.htm
RLYB,13.0,80.6,2021-07-30T08:28:24-04:00,https://www.sec.gov/Archives/edgar/data/1739410/000119312521230254/d99471d424b4.htm
RMBI,,,,
RNXT,9.0,16.65,2021-08-27T06:06:32-04:00,https://www.sec.gov/Archives/edgar/data/1574094/000149315221021374/form424b4.htm
ROLR,8.0,10.0,2024-10-23T14:22:51-04:00,https://www.sec.gov/Archives/edgar/data/1947210/000175392624001757/g084502_424b4.htm
ROOT,27.0,724.432815,2020-10-29T17:27:41-04:00,https://www.sec.gov/Archives/edgar/data/1788882/000162828020015115/rootfinal424b4.htm
RPC,,,2007-01-12T16:29:26-05:00,https://www.sec.gov/Archives/edgar/data/838879/000095013707000307/a26080b4e424b4.htm
RPID,20.0,158.4,2021-07-16T16:16:38-04:00,https://www.sec.gov/Archives/edgar/data/1380106/000110465921093078/tm219739-18_424b4.htm
RPRX,4.0,17.6,2005-01-27T06:58:27-05:00,https://www.sec.gov/Archives/edgar/data/897075/000095013405001413/h19186b4e424b4.htm
RR,5.0,10.5,2023-11-20T16:21:33-05:00,https://www.sec.gov/Archives/edgar/data/1963685/000121390023088748/f424b41123_richtech.htm
RRBI,45.0,27.0,2019-05-02T21:32:28-04:00,https://www.sec.gov/Archives/edgar/data/1071236/000119312519135494/d649334d424b4.htm
RSKD,21.0,367.5,2021-07-30T16:06:12-04:00,https://www.sec.gov/Archives/edgar/data/1851112/000162828021015042/riskified424b4.htm
RVLV,18.0,211.764708,2019-06-07T16:03:52-04:00,https://www.sec.gov/Archives/edgar/data/1746618/000119312519168155/d669074d424b4.htm
RVMD,17.0,238.0,2020-02-13T16:02:55-05:00,https://www.sec.gov/Archives/edgar/data/1628171/000119312520035507/d799036d424b4.htm
RVSN,4.13,15.641305,2022-04-01T16:05:39-04:00,https://www.sec.gov/Archives/edgar/data/1743905/000121390022017447/ea157812-424b4_railvision.htm
RWAY,,,,
RXST,16.0,117.6,2021-07-30T16:17:29-04:00,https://www.sec.gov/Archives/edgar/data/1111485/000119312521231508/d237930d424b4.htm
RXT,21.0,703.5,2020-08-05T16:31:47-04:00,https://www.sec.gov/Archives/edgar/data/1810019/000119312520210692/d915709d424b4.htm
RYAN,23.5,1337.579533,2021-07-23T16:06:49-04:00,https://www.sec.gov/Archives/edgar/data/1849253/000119312521223004/d146849d424b4.htm
RYDE,4.0,12.0,2024-03-06T19:18:09-05:00,https://www.sec.gov/Archives/edgar/data/1971115/000149315224009105/form424b4.htm
S,35.0,1225.0,2021-06-30T17:29:48-04:00,https://www.sec.gov/Archives/edgar/data/1583708/000162828021013240/sentineloneinc424b4.htm
SANG,,,2001-10-02T00:00:00-04:00,https://www.sec.gov/Archives/edgar/data/913610/000091361001500054/body424.htm
SARO,24.0,1440.0,2024-10-02T16:09:12-04:00,https://www.sec.gov/Archives/edgar/data/2025410/000119312524231156/d838237d424b4.htm
SBXD,10.0,200.0,2024-08-16T16:06:02-04:00,https://www.sec.gov/Archives/edgar/data/2015947/000110465924090497/tm248249-14_424b4.htm
SCNX,,,,
SDGR,17.0,201.999984,2020-02-06T16:16:43-05:00,https://www.sec.gov/Archives/edgar/data/1490978/000119312520026787/d766269d424b4.htm
SDHC,21.0,161.538468,2024-01-12T16:35:27-05:00,https://www.sec.gov/Archives/edgar/data/1982518/000114036124002139/ny20009679x16_424b4.htm
SDOT,,,2020-02-13T20:17:03-05:00,https://www.sec.gov/Archives/edgar/data/1701756/000149315220002253/form424b4.htm
SEER,19.0,175.000013,2020-12-04T17:21:12-05:00,https://www.sec.gov/Archives/edgar/data/1726445/000162828020017127/seer424b4.htm
SEPN,18.0,288.0,2024-10-25T16:06:08-04:00,https://www.sec.gov/Archives/edgar/data/1984086/000119312524244123/d762905d424b4.htm
SERA,16.0,75.0,2021-07-16T16:14:31-04:00,https://www.sec.gov/Archives/edgar/data/1534969/000110465921093073/tm2110724-23_424b4.htm
SFHG,4.0,8.0,2024-10-15T17:21:25-04:00,https://www.sec.gov/Archives/edgar/data/1926792/000121390024087863/ea0200200-09.htm
SFWL,4.0,9.6,2023-04-03T16:19:46-04:00,https://www.sec.gov/Archives/edgar/data/1863218/000121390023026301/ea176320-424b4_shengfeng.htm
SG,28.0,364.0,2021-11-18T18:57:48-05:00,https://www.sec.gov/Archives/edgar/data/1477815/000119312521334087/d104360d424b4.htm
SGHT,24.0,240.0,2021-07-15T17:23:29-04:00,https://www.sec.gov/Archives/edgar/data/1531177/000119312521216560/d90195d424b4.htm
SGMT,16.0,85.0,2023-07-14T18:56:33-04:00,https://www.sec.gov/Archives/edgar/data/1400118/000110465923081319/tm237052-16_424b4.htm
SGN,5.0,6.0,2023-11-15T17:03:31-05:00,https://www.sec.gov/Archives/edgar/data/1898474/000121390023087613/ea188471-424b4_signingday.htm
SHC,23.0,1071.8,2020-11-20T17:32:49-05:00,https://www.sec.gov/Archives/edgar/data/1822479/000119312520299567/d93452d424b4.htm
SHIM,7.0,25.025,2023-11-15T16:20:11-05:00,https://www.sec.gov/Archives/edgar/data/1887944/000119312523277906/d520542d424b4.htm
SHPH,8.125,9.96034,2022-08-31T06:16:32-04:00,https://www.sec.gov/Archives/edgar/data/1757499/000149315222024431/form424b4.htm
SIMA,10.0,200.0,2024-07-10T17:03:16-04:00,https://www.sec.gov/Archives/edgar/data/2014982/000121390024060545/ea0204058-07.htm
SITM,13.0,55.9,2019-11-21T16:55:16-05:00,https://www.sec.gov/Archives/edgar/data/1451809/000119312519297662/d701682d424b4.htm
SKK,,,,
SKWD,15.0,134.285745,2023-01-13T16:06:01-05:00,https://www.sec.gov/Archives/edgar/data/1519449/000110465923003801/tm228594-17_424b4.htm
SKYX,14.0,23.1,2022-02-10T17:06:54-05:00,https://www.sec.gov/Archives/edgar/data/1598981/000149315222003810/form-424b4.htm
SLE,11.0,24.999997,2019-02-27T17:26:24-05:00,https://www.sec.gov/Archives/edgar/data/1621672/000165495419002037/slg424b4-feb2019.htm
SLQT,20.0,570.0,2020-05-21T20:49:54-04:00,https://www.sec.gov/Archives/edgar/data/1794783/000119312520149027/d838810d424b4.htm
SMXT,4.0,18.0,2024-02-28T09:12:18-05:00,https://www.sec.gov/Archives/edgar/data/1519472/000164033424000310/solarmax_424b4.htm
SNAL,5.0,15.0,2022-11-10T16:53:45-05:00,https://www.sec.gov/Archives/edgar/data/1886894/000110465922117223/tm2128835-21_424b4.htm
SNDL,13.0,143.0,2019-08-01T11:12:51-04:00,https://www.sec.gov/Archives/edgar/data/1766600/000119312519210209/d720415d424b4.htm
SNOW,12.0,187.5,2014-01-31T16:55:46-05:00,https://www.sec.gov/Archives/edgar/data/1587755/000156761914000034/s000092x14_424b4.htm
SNTG,5.0,20.0,2021-07-12T14:25:19-04:00,https://www.sec.gov/Archives/edgar/data/1810467/000121390021036492/ea144034-424b4_sentagehold.htm
SOGP,11.0,45.1,2020-01-17T17:00:38-05:00,https://www.sec.gov/Archives/edgar/data/1783407/000119312520010134/d762894d424b4.htm
SONM,11.0,39.285719,2019-05-13T16:31:46-04:00,https://www.sec.gov/Archives/edgar/data/1178697/000119312519145392/d698320d424b4.htm
SOPA,9.0,26.000001,2021-11-10T10:15:31-05:00,https://www.sec.gov/Archives/edgar/data/1817511/000160706221000501/sopa110921form424b.htm
SOPH,18.0,234.0,2021-07-23T16:37:19-04:00,https://www.sec.gov/Archives/edgar/data/1840706/000119312521223070/d101766d424b4.htm
SPAI,5.0,5.1,2024-08-28T21:11:17-04:00,https://www.sec.gov/Archives/edgar/data/2011208/000149315224034264/form424b4.htm
SPFI,17.5,59.15,2019-05-09T13:43:11-04:00,https://www.sec.gov/Archives/edgar/data/1163668/000114036119008813/s002614x11_424b4.htm
SPHL,4.0,6.0,2024-10-17T06:09:44-04:00,https://www.sec.gov/Archives/edgar/data/2002236/000121390024088292/ea0201033-09.htm
SPKL,0.4,7.296,2007-02-14T17:09:35-05:00,https://www.sec.gov/Archives/edgar/data/1367722/000114420407008199/v063321_424b2.htm
SPPL,5.25,8.4105,2023-09-13T15:47:13-04:00,https://www.sec.gov/Archives/edgar/data/1948697/000192998023000199/simp_424b4.htm
SPT,17.0,150.00001,2019-12-13T16:46:12-05:00,https://www.sec.gov/Archives/edgar/data/1517375/000162828019015085/sproutsocial424b4.htm
SQFT,5.0,2.5,2020-10-07T20:11:42-04:00,https://www.sec.gov/Archives/edgar/data/1080657/000143774920020868/sqft20200930_424b4.htm
SRAD,,,2021-09-15T16:29:37-04:00,https://www.sec.gov/Archives/edgar/data/1836470/000119312521273996/d122309d424b4.htm
STEP,18.0,315.0,2020-09-16T17:08:19-04:00,https://www.sec.gov/Archives/edgar/data/1796022/000119312520247268/d828990d424b4.htm
SRFM,,,2023-07-26T16:31:02-04:00,https://www.sec.gov/Archives/edgar/data/1936224/000121390023060053/f424b40723_surfairmobility.htm
STFS,4.0,8.6,2024-10-15T13:29:41-04:00,https://www.sec.gov/Archives/edgar/data/2003061/000121390024087668/ea0200377-19.htm
STOK,18.0,142.03998,2019-06-19T16:16:53-04:00,https://www.sec.gov/Archives/edgar/data/1623526/000119312519176488/d675029d424b4.htm
STSS,4.25,15.9375,2022-04-15T16:48:39-04:00,https://www.sec.gov/Archives/edgar/data/1737995/000149315222010109/form424b4.htm
STTK,17.0,201.999984,2020-10-13T06:11:21-04:00,https://www.sec.gov/Archives/edgar/data/1680367/000119312520267801/d69956d424b4.htm
STVN,21.0,672.0,2021-07-16T14:18:58-04:00,https://www.sec.gov/Archives/edgar/data/1849853/000119312521217250/d87447d424b4.htm
SUGP,4.0,5.0,2024-01-23T16:16:12-05:00,https://www.sec.gov/Archives/edgar/data/1969863/000121390024005750/f424b40124_sugroupholdings.htm
SUPX,,,,
SVCO,19.0,114.0,2024-05-10T16:03:03-04:00,https://www.sec.gov/Archives/edgar/data/1943289/000162828024022612/silvacogroupinc-424b4.htm
SVRE,4.13,13.010018,2022-06-06T17:20:45-04:00,https://www.sec.gov/Archives/edgar/data/1894693/000121390022031402/ea161182-424b4_saverone.htm
SVV,18.0,401.249988,2023-06-30T06:27:31-04:00,https://www.sec.gov/Archives/edgar/data/1883313/000119312523179214/d264743d424b4.htm
SWAG,4.15,17.999998350000002,2021-11-10T16:39:25-05:00,https://www.sec.gov/Archives/edgar/data/1872525/000121390021058160/ea150331-424b4_stranandco.htm
SXTC,4.0,16.5,2018-10-03T06:10:21-04:00,https://www.sec.gov/Archives/edgar/data/1723980/000114420418052197/tv503963_424b4.htm
SXTP,5.3,7.5,2023-07-13T12:37:02-04:00,https://www.sec.gov/Archives/edgar/data/1946563/000157587223001147/cm386_424b4.htm
SY,13.8,179.4,2019-05-02T08:49:14-04:00,https://www.sec.gov/Archives/edgar/data/1758530/000119312519133974/d649858d424b4.htm
SYNX,4.0,5.0,2024-01-16T16:47:17-05:00,https://www.sec.gov/Archives/edgar/data/1976443/000121390024003774/f424b40124_silynx.htm
TARS,16.0,88.0,2020-10-16T16:40:25-04:00,https://www.sec.gov/Archives/edgar/data/1819790/000119312520271157/d30607d424b4.htm
TAVI,,,,
TBBB,,,,
TBMC,10.0,60.0,2023-03-29T17:02:45-04:00,https://www.sec.gov/Archives/edgar/data/1934945/000110465923038391/tm234246-6_424b4.htm
TBN,24.0,75.0,2024-06-27T16:42:16-04:00,https://www.sec.gov/Archives/edgar/data/1997652/000119312524170654/d716518d424b4.htm
TCBX,25.0,87.5,2021-11-09T16:46:22-05:00,https://www.sec.gov/Archives/edgar/data/1781730/000119312521324568/d214992d424b4.htm
TCRX,15.0,100.000005,2021-07-19T07:01:24-04:00,https://www.sec.gov/Archives/edgar/data/1783328/000119312521218024/d107876d424b4.htm
TDTH,5.0,9.0,2024-09-09T21:41:49-04:00,https://www.sec.gov/Archives/edgar/data/1983550/000121390024077083/ea0200176-10.htm
TELA,13.0,52.0,2019-11-08T16:49:31-05:00,https://www.sec.gov/Archives/edgar/data/1561921/000104746919006195/a2240032z424b4.htm
TELO,,,2024-02-12T15:09:20-05:00,https://www.sec.gov/Archives/edgar/data/1971532/000149315224005876/form424b4.htm
TEM,37.0,410.7,2024-06-17T06:07:46-04:00,https://www.sec.gov/Archives/edgar/data/1717115/000119312524161989/d221145d424b4.htm
TGL,4.0,8.0,2022-08-12T17:01:46-04:00,https://www.sec.gov/Archives/edgar/data/1905956/000157587222000777/cm151_424b4.htm
TIGR,8.0,104.0,2019-03-20T13:53:21-04:00,https://www.sec.gov/Archives/edgar/data/1756699/000104746919001463/a2238128z424b4.htm
TIVC,5.0,15.0,2021-11-12T06:21:55-05:00,https://www.sec.gov/Archives/edgar/data/1787740/000110465921137347/tm2132685d1_424b4.htm
TKLF,4.0,24.0,2022-01-11T06:02:13-05:00,https://www.sec.gov/Archives/edgar/data/1836242/000121390022001448/ea153750-424b4_yoshitsuco.htm
TKNO,16.0,96.0,2021-06-25T16:49:33-04:00,https://www.sec.gov/Archives/edgar/data/1850902/000119312521200510/d83801d424b4.htm
TLS,17.0,254.470603,2020-11-20T16:06:31-05:00,https://www.sec.gov/Archives/edgar/data/320121/000114036120026242/nt10015254x11_424b4.htm
TMDX,16.0,91.04,2019-05-02T16:38:29-04:00,https://www.sec.gov/Archives/edgar/data/1756262/000119312519135109/d737200d424b4.htm
TNON,5.0,16.0,2022-04-27T17:08:42-04:00,https://www.sec.gov/Archives/edgar/data/1560293/000157587222000346/cm056_424b4.htm
TNYA,15.0,180.0,2021-07-30T16:48:37-04:00,https://www.sec.gov/Archives/edgar/data/1858848/000119312521231612/d175698d424b4.htm
TOP,5.0,25.0,2022-06-01T16:15:43-04:00,https://www.sec.gov/Archives/edgar/data/1848275/000121390022030679/ea160970-424b4_zhongyang.htm
TOST,40.0,869.56524,2021-09-22T16:02:24-04:00,https://www.sec.gov/Archives/edgar/data/1650164/000119312521279379/d166297d424b4.htm
TPET,3.0,6.0,2023-04-19T17:21:35-04:00,https://www.sec.gov/Archives/edgar/data/1898766/000149315223012964/form424b4.htm
TPG,29.5,1000.05,2022-01-14T16:23:25-05:00,https://www.sec.gov/Archives/edgar/data/1880661/000119312522009890/d197780d424b4.htm
TRDA,20.0,181.5,2021-11-01T16:02:42-04:00,https://www.sec.gov/Archives/edgar/data/1689375/000110465921132334/tm2123090-13_424b4.htm
TRNR,8.0,12.0,2023-04-28T17:38:16-04:00,https://www.sec.gov/Archives/edgar/data/1785056/000119312523127689/d379507d424b4.htm
TRSG,4.0,5.0,2024-04-18T17:24:26-04:00,https://www.sec.gov/Archives/edgar/data/1943444/000157587224000374/rc054_424b4.htm
TRVI,10.0,55.0,2019-05-08T16:02:52-04:00,https://www.sec.gov/Archives/edgar/data/1563880/000119312519141374/d643194d424b4.htm
TSHA,20.0,157.39132,2020-09-24T17:50:54-04:00,https://www.sec.gov/Archives/edgar/data/1806310/000119312520253550/d938924d424b4.htm
TTAN,,,,
TURB,5.0,5.0,2023-09-25T17:10:11-04:00,https://www.sec.gov/Archives/edgar/data/1963439/000121390023079197/ea185632-424b4_turboenergy.htm
TW,27.0,1080.0,2019-04-05T17:24:29-04:00,https://www.sec.gov/Archives/edgar/data/1758730/000114420419018482/tv517881_424b4.htm
TWFG,17.0,187.0,2024-07-18T17:57:51-04:00,https://www.sec.gov/Archives/edgar/data/2007596/000162828024032250/twfginc-424b4.htm
TWG,4.0,8.0,2024-04-16T10:22:22-04:00,https://www.sec.gov/Archives/edgar/data/1978057/000121390024033208/ea0202666-02.htm
TXG,39.0,390.0,2019-09-12T06:08:48-04:00,https://www.sec.gov/Archives/edgar/data/1770787/000119312519243349/d737378d424b4.htm
TXO,20.0,100.0,2023-01-27T15:20:11-05:00,https://www.sec.gov/Archives/edgar/data/1559432/000119312523017433/d364234d424b4.htm
TYRA,16.0,172.8,2021-09-15T16:10:25-04:00,https://www.sec.gov/Archives/edgar/data/1863127/000119312521273963/d189651d424b4.htm
U,,,2020-09-18T17:30:23-04:00,https://www.sec.gov/Archives/edgar/data/1810806/000119312520249257/d908875d424b4.htm
UBER,45.0,8100.0,2019-05-13T06:07:15-04:00,https://www.sec.gov/Archives/edgar/data/1543151/000119312519144716/d647752d424b4.htm
UBXG,5.0,10.0,2024-03-29T17:15:37-04:00,https://www.sec.gov/Archives/edgar/data/1888525/000121390024028080/ea0201756-02.htm
UCL,18.0,36.18,2020-06-11T09:08:58-04:00,https://www.sec.gov/Archives/edgar/data/1775898/000119312520166260/d701290d424b4.htm
UDMY,29.0,420.5,2021-10-29T16:05:58-04:00,https://www.sec.gov/Archives/edgar/data/1607939/000119312521313334/d163445d424b4.htm
ULS,28.0,946.4,2024-04-15T16:12:32-04:00,https://www.sec.gov/Archives/edgar/data/1901440/000162828024016209/ul-424b4.htm
UMAC,,,,
UNCY,5.0,25.0,2021-07-14T13:59:16-04:00,https://www.sec.gov/Archives/edgar/data/1766140/000121390021036849/ea144134-424b4_unicycive.htm
UPB,17.0,255.0,2024-10-11T16:05:44-04:00,https://www.sec.gov/Archives/edgar/data/2022626/000119312524236714/d843142d424b4.htm
UPST,20.0,240.3138,2020-12-16T16:19:20-05:00,https://www.sec.gov/Archives/edgar/data/1647639/000119312520319050/d867925d424b4.htm
UPXI,5.0,11.0,2021-06-24T14:27:32-04:00,https://www.sec.gov/Archives/edgar/data/1775194/000147793221004256/grove_424b4.htm
USCB,,,,
USGO,10.0,20.0,2023-04-19T19:05:29-04:00,https://www.sec.gov/Archives/edgar/data/1947244/000149315223012980/form424b4.htm
VACH,10.0,220.0,2024-08-12T09:25:33-04:00,https://www.sec.gov/Archives/edgar/data/2006815/000182912624005388/voyageracq_424b4.htm
VBNK,,,,
VCIC,10.0,200.0,2024-09-09T09:29:11-04:00,https://www.sec.gov/Archives/edgar/data/2025396/000121390024076738/ea0207352-08.htm
VCIG,4.0,5.12,2023-04-14T08:57:20-04:00,https://www.sec.gov/Archives/edgar/data/1930510/000157587223000561/cm297_424b4.htm
VEEE,6.0,18.0,2021-07-22T16:17:10-04:00,https://www.sec.gov/Archives/edgar/data/1855509/000173112221001217/e2938_424b4.htm
VEL,13.0,94.25,2020-01-17T17:23:47-05:00,https://www.sec.gov/Archives/edgar/data/1692376/000119312520010192/d617975d424b4.htm
VENU,10.0,12.0,2024-11-27T12:06:04-05:00,https://www.sec.gov/Archives/edgar/data/1770501/000149315224047942/form424b4.htm
VERX,19.0,401.85,2020-07-30T19:04:51-04:00,https://www.sec.gov/Archives/edgar/data/1806837/000104746920004331/a2242154z424b4.htm
VIK,24.0,1537.000032,2024-05-02T16:07:19-04:00,https://www.sec.gov/Archives/edgar/data/1745201/000119312524129359/d496227d424b4.htm
VIR,20.0,142.85716,2019-10-11T17:31:57-04:00,https://www.sec.gov/Archives/edgar/data/1706431/000119312519266864/d755217d424b4.htm
VIST,,,,
VITL,22.0,204.687494,2020-07-31T16:06:42-04:00,https://www.sec.gov/Archives/edgar/data/1579733/000119312520206382/d841617d424b4.htm
VMAR,10.0,24.0,2020-11-25T16:02:27-05:00,https://www.sec.gov/Archives/edgar/data/1813783/000110465920129483/tm2032239-11_424b4.htm
VRAX,5.0,6.75,2022-07-21T10:01:09-04:00,https://www.sec.gov/Archives/edgar/data/1885827/000121390022040585/f424b40722_viraxbiolabs.htm
VSTD,,,,
VTEX,19.0,361.0,2021-07-22T12:54:30-04:00,https://www.sec.gov/Archives/edgar/data/1793663/000119312521221626/d155132d424b4.htm
VTMX,,,,
VTYX,16.0,151.562496,2021-10-21T17:10:27-04:00,https://www.sec.gov/Archives/edgar/data/1851194/000119312521304165/d160345d424b4.htm
VVOS,6.0,21.0,2020-12-14T16:45:57-05:00,https://www.sec.gov/Archives/edgar/data/1716166/000149315220023546/form424b4.htm
WAFU,,,,
WAI,,,,
WAVE,8.0,8.0,2021-07-02T16:05:58-04:00,https://www.sec.gov/Archives/edgar/data/1846715/000121390021035546/f424b40721_ecowavepower.htm
WAY,21.5,967.5,2024-06-07T16:15:24-04:00,https://www.sec.gov/Archives/edgar/data/1990354/000110465924069649/tm2333808-12_424b4.htm
WBTN,21.0,315.0,2024-06-27T07:28:57-04:00,https://www.sec.gov/Archives/edgar/data/1997859/000119312524169730/d396527d424b4.htm
WBUY,4.0,15.2,2023-10-19T17:28:38-04:00,https://www.sec.gov/Archives/edgar/data/1946703/000164033423001918/webuy_424b4.htm
WCT,4.0,8.0,2024-10-02T16:07:00-04:00,https://www.sec.gov/Archives/edgar/data/1990251/000121390024084652/ea0201626-09.htm
WEAV,24.0,120.0,2021-11-12T16:03:56-05:00,https://www.sec.gov/Archives/edgar/data/1609151/000162828021023138/weave424b4.htm
WIMI,5.5,26.125,2020-04-01T16:09:19-04:00,https://www.sec.gov/Archives/edgar/data/1770088/000104746920001982/a2241085z424b4.htm
WLAC,10.0,110.0,2024-11-08T17:12:46-05:00,https://www.sec.gov/Archives/edgar/data/2032379/000149315224044337/form424b4.htm
WLDS,4.25,15.9375,2022-09-15T10:19:15-04:00,https://www.sec.gov/Archives/edgar/data/1887673/000121390022056095/ea165825-424b4_wearabledev.htm
WMG,17.0,554.2,2005-05-11T15:39:01-04:00,https://www.sec.gov/Archives/edgar/data/1319161/000104746905014383/a2158038z424b4.htm
WNW,5.0,29.99955,2020-12-15T17:27:41-05:00,https://www.sec.gov/Archives/edgar/data/1787803/000149315220023681/form424b4.htm
WOK,4.0,8.0,2024-08-26T11:08:11-04:00,https://www.sec.gov/Archives/edgar/data/1929783/000121390024072468/ea0200911-12.htm
WRBY,,,2021-09-29T06:48:30-04:00,https://www.sec.gov/Archives/edgar/data/1504776/000162828021019236/warbyparkerinc424b4.htm
WRD,15.0,412.5,2016-12-15T16:13:12-05:00,https://www.sec.gov/Archives/edgar/data/1681714/000119312516794451/d200402d424b4.htm
WYHG,4.0,8.2,2024-11-26T17:12:52-05:00,https://www.sec.gov/Archives/edgar/data/1999860/000121390024102922/ea0200046-20.htm
XCH,6.2,20.666677,2024-09-10T16:16:37-04:00,https://www.sec.gov/Archives/edgar/data/1979887/000110465924098594/tm2316418-35_424b4.htm
XGN,14.0,50.4,2019-09-20T16:13:24-04:00,https://www.sec.gov/Archives/edgar/data/1274737/000119312519250698/d692844d424b4.htm
XHG,,,,
XLO,16.0,117.648,2021-10-22T16:02:13-04:00,https://www.sec.gov/Archives/edgar/data/1840233/000110465921128952/tm2115750-18_424b4.htm
XMTR,44.0,302.5,2021-07-01T17:17:00-04:00,https://www.sec.gov/Archives/edgar/data/1657573/000119312521206526/d120843d424b4.htm
XP,,,,
XPEV,15.0,1496.00001,2020-08-28T06:13:23-04:00,https://www.sec.gov/Archives/edgar/data/1810997/000119312520233600/d890887d424b4.htm
XPOF,12.0,120.0,2021-07-26T06:09:28-04:00,https://www.sec.gov/Archives/edgar/data/1802156/000119312521223560/d753938d424b4.htm
XPON,7.0,15.015,2022-04-04T17:22:41-04:00,https://www.sec.gov/Archives/edgar/data/1894954/000190359622000141/sfs424b4xpon040422.htm
XTKG,5.0,8.75,2019-04-01T21:57:39-04:00,https://www.sec.gov/Archives/edgar/data/1754323/000121390019005561/f424b4032919_powerbridge.htm
YAAS,4.5,10.35,2024-12-23T15:30:23-05:00,https://www.sec.gov/Archives/edgar/data/1964946/000149315224051790/form424b4.htm
YALA,7.5,139.5,2020-10-01T08:02:47-04:00,https://www.sec.gov/Archives/edgar/data/1794350/000119312520260544/d850602d424b4.htm
YHNA,10.0,60.0,2024-09-18T17:21:44-04:00,https://www.sec.gov/Archives/edgar/data/2020987/000121390024079960/ea0202371-13.htm
YIBO,4.0,5.0,2024-01-26T16:36:21-05:00,https://www.sec.gov/Archives/edgar/data/1868395/000121390024007011/f424b40124_planetimage.htm
YJ,11.0,121.0,2019-05-03T15:00:45-04:00,https://www.sec.gov/Archives/edgar/data/1759614/000119312519136764/d633184d424b4.htm
YMM,19.0,1567.5,2021-06-23T08:41:51-04:00,https://www.sec.gov/Archives/edgar/data/1838413/000119312521196842/d260023d424b4.htm
YOU,31.0,409.2,2021-07-01T14:58:28-04:00,https://www.sec.gov/Archives/edgar/data/1856314/000110465921088178/tm2112714-18_424b4.htm
YQ,10.5,287.7,2020-12-04T16:21:43-05:00,https://www.sec.gov/Archives/edgar/data/1821468/000119312520310650/d52135d424b4.htm
YSG,10.5,616.875,2020-11-19T16:05:01-05:00,https://www.sec.gov/Archives/edgar/data/1819580/000119312520298091/d57580d424b4.htm
YSXT,4.0,5.0,2024-12-18T17:25:26-05:00,https://www.sec.gov/Archives/edgar/data/1993463/000110465924129824/tm2330896d16_424b4.htm
YXT,11.0,25.003,2024-08-16T16:13:06-04:00,https://www.sec.gov/Archives/edgar/data/1872090/000119312524202129/d196858d424b4.htm
YYGH,4.0,4.5,2024-04-19T17:14:53-04:00,https://www.sec.gov/Archives/edgar/data/1985337/000121390024034567/ea0204258-424b4_yygroup.htm
ZBAO,4.0,6.0,2024-04-02T17:25:30-04:00,https://www.sec.gov/Archives/edgar/data/1966750/000121390024029449/ea0201103-03.htm
ZBIO,17.0,224.999998,2024-09-13T16:22:11-04:00,https://www.sec.gov/Archives/edgar/data/1953926/000110465924099805/tm2332800-18_424b4.htm
ZCMD,,,,
ZDAI,,,,
ZJK,5.0,6.25,2024-09-30T15:34:19-04:00,https://www.sec.gov/Archives/edgar/data/1941506/000173112224001512/e5994_424b4.htm
ZJYL,8.0,9.2,2023-03-29T16:39:10-04:00,https://www.sec.gov/Archives/edgar/data/1837821/000121390023024123/ea175969-424b4_jinmedical.htm
ZKH,15.5,62.0,2023-12-15T16:02:33-05:00,https://www.sec.gov/Archives/edgar/data/1862044/000110465923126384/tm228516-40_424b4.htm
ZM,36.0,751.30434,2019-04-18T16:17:57-04:00,https://www.sec.gov/Archives/edgar/data/1585521/000119312519110919/d642624d424b4.htm
ZNTL,18.0,165.24,2020-04-06T06:13:39-04:00,https://www.sec.gov/Archives/edgar/data/1725160/000119312520098801/d827765d424b4.htm
ZONE,4.0,5.0,2024-04-30T10:55:46-04:00,https://www.sec.gov/Archives/edgar/data/1956741/000121390024037578/ea0200166-08.htm
ZSPC,5.0,9.375,2024-12-06T06:00:22-05:00,https://www.sec.gov/Archives/edgar/data/1637147/000110465924125986/tm244059-38_424b4.htm
ZVIA,14.0,149.8,2021-07-23T06:07:55-04:00,https://www.sec.gov/Archives/edgar/data/1854139/000119312521222296/d115565d424b4.htm
